sample_tag,sample_index,base_color_hue,base_color_sat,base_color_val,stripe_count,stripe_spacing,stripe_width,stripe_longitudinal_offset,belly_hue,belly_strength,belly_translation,tail_hue,tail_strength,rosy_cheeks_present,rosy_cheeks_hue,rosy_cheeks_strength,rosy_cheeks_translation_y,rosy_cheeks_translation_z,specimen_index,mesh_file,landmark_file,tps_lambda,n_landmarks_used,tps_rmse
Mchenga_m1_fishy_000002,2,0.1885486163891286,0.7249115586873258,1.0,5,-0.0625549769010033,0.0272274102990807,0.0120074671446547,0.5440375606351867,0.912423334758656,-0.0592695691157407,0.3706152512233103,0.9819032042885888,1,0.992910245557512,0.9360421955407474,0.0127292458656424,-0.0280532002534389,0,/mnt/data/ml_data/color-modeling-pub/3D_Fish (Copy)/3D_Fish/Downsampled_decimate/Models/Mchenga_m1.obj,/mnt/data/ml_data/color-modeling-pub/3D_Fish (Copy)/3D_Fish/LMS/Mchenga_m1.mrk.json,1e-06,47,0.0
Mchenga_m1_fishy_000016,16,0.1944645977102321,0.6914342125511853,0.9323292685145118,5,-0.079264448395085,0.0240699512998396,-0.0084175458943645,0.5706282453848919,1.0,-0.0154613324568471,0.3434674849768643,0.93572989953204,0,0.9868245525881864,0.9046691359714424,0.0758416323631945,-0.0578048528967133,0,/mnt/data/ml_data/color-modeling-pub/3D_Fish (Copy)/3D_Fish/Downsampled_decimate/Models/Mchenga_m1.obj,/mnt/data/ml_data/color-modeling-pub/3D_Fish (Copy)/3D_Fish/LMS/Mchenga_m1.mrk.json,1e-06,47,0.0
Mchenga_m1_fishy_000026,26,0.183760229768234,0.7355274179774743,1.0,5,-0.0775691437490006,0.0263683426736653,-0.0052130403045914,0.5753902335168997,1.0,0.0574181104562631,0.3970171281913232,0.8788386190766617,0,0.0110576409695509,0.9519082281844634,-0.0561668086029664,-0.0826724505519922,0,/mnt/data/ml_data/color-modeling-pub/3D_Fish (Copy)/3D_Fish/Downsampled_decimate/Models/Mchenga_m1.obj,/mnt/data/ml_data/color-modeling-pub/3D_Fish (Copy)/3D_Fish/LMS/Mchenga_m1.mrk.json,1e-06,47,0.0
Mchenga_m1_fishy_000028,28,0.184674662302187,0.6961590981190526,1.0,4,-0.0823703890510333,0.0311447241238013,-0.0057226144037488,0.5702318647145344,1.0,-0.0184425966096634,0.3167037154388724,0.9358978742199412,1,0.9864767950965035,0.9046093820417191,-0.071157161185279,0.0068323773176382,0,/mnt/data/ml_data/color-modeling-pub/3D_Fish (Copy)/3D_Fish/Downsampled_decimate/Models/Mchenga_m1.obj,/mnt/data/ml_data/color-modeling-pub/3D_Fish (Copy)/3D_Fish/LMS/Mchenga_m1.mrk.json,1e-06,47,0.0
Mchenga_m1_fishy_000039,39,0.1788320530427169,0.7049179249919607,1.0,5,-0.0848124328739296,0.0222580398620039,0.0014065523826114,0.5553770148409862,0.974532783995356,0.0403976147716462,0.3742113788298015,0.9588514512700198,0,0.9891791892179124,0.872593151475629,-0.0301209649142526,0.0059760979149955,0,/mnt/data/ml_data/color-modeling-pub/3D_Fish (Copy)/3D_Fish/Downsampled_decimate/Models/Mchenga_m1.obj,/mnt/data/ml_data/color-modeling-pub/3D_Fish (Copy)/3D_Fish/LMS/Mchenga_m1.mrk.json,1e-06,47,0.0
Mchenga_m1_fishy_000054,54,0.196117891934884,0.687998399369765,1.0,4,-0.0943023637635737,0.026577860828518,0.0073906335377101,0.6865045383196079,0.9516392020539248,0.0561168762657515,0.3690929965579613,0.9931449761538066,0,0.9963748022982108,0.906315464065744,-0.0026776856086065,-0.0237306066921455,0,/mnt/data/ml_data/color-modeling-pub/3D_Fish (Copy)/3D_Fish/Downsampled_decimate/Models/Mchenga_m1.obj,/mnt/data/ml_data/color-modeling-pub/3D_Fish (Copy)/3D_Fish/LMS/Mchenga_m1.mrk.json,1e-06,47,0.0
Mchenga_m1_fishy_000056,56,0.186973966344852,0.6678396194099339,1.0,4,-0.0789325719556143,0.0211747185191545,-0.0145267395189079,0.5500765805218479,1.0,0.0462117795676369,0.4195457380362615,0.9743404353103172,0,0.0165230144022746,0.9440505245536522,0.0491551266061954,-0.1212803868474793,0,/mnt/data/ml_data/color-modeling-pub/3D_Fish (Copy)/3D_Fish/Downsampled_decimate/Models/Mchenga_m1.obj,/mnt/data/ml_data/color-modeling-pub/3D_Fish (Copy)/3D_Fish/LMS/Mchenga_m1.mrk.json,1e-06,47,0.0
Mchenga_m1_fishy_000061,61,0.1987369817821195,0.7428316071415431,0.9554941676039844,4,-0.0681874481308384,0.0240329433300661,-0.0090668568004943,0.5513450556802937,0.9905545843894088,0.0488937309682564,0.3993818300748087,0.9025959104004988,0,0.0246609340324317,0.9406827096058632,-0.1014213757879777,-0.0566843209761797,0,/mnt/data/ml_data/color-modeling-pub/3D_Fish (Copy)/3D_Fish/Downsampled_decimate/Models/Mchenga_m1.obj,/mnt/data/ml_data/color-modeling-pub/3D_Fish (Copy)/3D_Fish/LMS/Mchenga_m1.mrk.json,1e-06,47,0.0
Mchenga_m1_fishy_000087,87,0.1675879652965751,0.6974666838876539,1.0,4,-0.0670031647623936,0.0257370019827218,-0.0053291021562429,0.5701908406105232,0.9562181399429776,0.0362404958662404,0.3779782927162685,0.8967774237932324,1,0.0029332880852508,1.0,-0.0192691743819055,-0.0722776649156313,0,/mnt/data/ml_data/color-modeling-pub/3D_Fish (Copy)/3D_Fish/Downsampled_decimate/Models/Mchenga_m1.obj,/mnt/data/ml_data/color-modeling-pub/3D_Fish (Copy)/3D_Fish/LMS/Mchenga_m1.mrk.json,1e-06,47,0.0
Mchenga_m1_fishy_000093,93,0.1733482207800767,0.6368337766218495,1.0,4,-0.0818869107959169,0.0277370429596487,0.0132768692570339,0.5711282325463233,0.9701050370450038,0.0270957670949805,0.4189985335360242,0.8824115257814232,0,0.0042224677121876,0.9645029996432484,0.0207112493493214,-0.0867705751222879,0,/mnt/data/ml_data/color-modeling-pub/3D_Fish (Copy)/3D_Fish/Downsampled_decimate/Models/Mchenga_m1.obj,/mnt/data/ml_data/color-modeling-pub/3D_Fish (Copy)/3D_Fish/LMS/Mchenga_m1.mrk.json,1e-06,47,0.0
Mchenga_m1_fishy_000094,94,0.1902180625099176,0.7542364275560233,0.9703008811166056,5,-0.0900918670360166,0.0258593862333748,0.0091943394340616,0.5745045705869511,1.0,-0.0807649168935996,0.3565712971455899,0.9364465209376416,1,0.0075993980261005,1.0,-0.0095542756282314,0.0718073699240527,0,/mnt/data/ml_data/color-modeling-pub/3D_Fish (Copy)/3D_Fish/Downsampled_decimate/Models/Mchenga_m1.obj,/mnt/data/ml_data/color-modeling-pub/3D_Fish (Copy)/3D_Fish/LMS/Mchenga_m1.mrk.json,1e-06,47,0.0
Mchenga_m1_fishy_000099,99,0.1835396442650771,0.7580638188598219,0.987993394348005,4,-0.052983279503805,0.0263297607587663,-0.0136604918885976,0.5560604606940818,0.8125997873705924,-0.0783986605870641,0.4110625070775348,1.0,1,0.0244657329344754,0.8891805529212143,0.0287654601965641,0.0083633491895878,0,/mnt/data/ml_data/color-modeling-pub/3D_Fish (Copy)/3D_Fish/Downsampled_decimate/Models/Mchenga_m1.obj,/mnt/data/ml_data/color-modeling-pub/3D_Fish (Copy)/3D_Fish/LMS/Mchenga_m1.mrk.json,1e-06,47,0.0
Mchenga_m1_fishy_000104,104,0.1763059215321421,0.7690651729544309,0.9612494520110904,5,-0.0946611842889333,0.0229005326605606,-0.0182687851085802,0.5515939894576896,0.9953753132289692,0.0175465213086703,0.3384558429151187,1.0,0,0.9967277233075028,0.9643183647569092,0.0512884180786516,-0.008413990414395,0,/mnt/data/ml_data/color-modeling-pub/3D_Fish (Copy)/3D_Fish/Downsampled_decimate/Models/Mchenga_m1.obj,/mnt/data/ml_data/color-modeling-pub/3D_Fish (Copy)/3D_Fish/LMS/Mchenga_m1.mrk.json,1e-06,47,0.0
Mchenga_m1_fishy_000110,110,0.1595132342602012,0.6917344518507609,0.9679817692505756,4,-0.0799141055609777,0.0300378517000093,-0.0187088792386183,0.5512923224319742,0.9745501593294492,-0.014864035700161,0.4082949846257973,0.9845402804956788,1,0.9792133034840872,0.97461181580113,0.0219315200549313,-0.0014960829531756,0,/mnt/data/ml_data/color-modeling-pub/3D_Fish (Copy)/3D_Fish/Downsampled_decimate/Models/Mchenga_m1.obj,/mnt/data/ml_data/color-modeling-pub/3D_Fish (Copy)/3D_Fish/LMS/Mchenga_m1.mrk.json,1e-06,47,0.0
Mchenga_m1_fishy_000118,118,0.1484392708268038,0.704603354551352,1.0,4,-0.0696291596951191,0.0223713580009058,-0.0042980511741366,0.6818768433145999,0.9045876546969692,0.0321481183867101,0.3598863737521848,0.9910496874943744,0,0.0109367817932485,0.96604110730324,0.0070088657220525,0.0035976172640003,0,/mnt/data/ml_data/color-modeling-pub/3D_Fish (Copy)/3D_Fish/Downsampled_decimate/Models/Mchenga_m1.obj,/mnt/data/ml_data/color-modeling-pub/3D_Fish (Copy)/3D_Fish/LMS/Mchenga_m1.mrk.json,1e-06,47,0.0
Mchenga_m1_fishy_000121,121,0.1684414762124014,0.7450053230552116,1.0,4,-0.0740427544796501,0.0207429331877455,-0.0213428830154551,0.5628258368902567,0.9863547477361015,0.0027549636498853,0.408532680518707,0.9780711246994516,1,0.9828259621851588,0.9096053039712726,-0.0092875580893144,0.0527006345283316,0,/mnt/data/ml_data/color-modeling-pub/3D_Fish (Copy)/3D_Fish/Downsampled_decimate/Models/Mchenga_m1.obj,/mnt/data/ml_data/color-modeling-pub/3D_Fish (Copy)/3D_Fish/LMS/Mchenga_m1.mrk.json,1e-06,47,0.0
Mchenga_m1_fishy_000131,131,0.16628095234724,0.7571495168511057,0.920373327072705,5,-0.0919194282920813,0.0207153887607257,-0.0134092063437861,0.6914185923720418,0.9916399150260504,-0.0682349919223131,0.4087234360634638,0.9766688839229144,0,0.0032863938665775,0.8716111331151911,-0.0488364305192615,0.0473979315518166,0,/mnt/data/ml_data/color-modeling-pub/3D_Fish (Copy)/3D_Fish/Downsampled_decimate/Models/Mchenga_m1.obj,/mnt/data/ml_data/color-modeling-pub/3D_Fish (Copy)/3D_Fish/LMS/Mchenga_m1.mrk.json,1e-06,47,0.0
Mchenga_m1_fishy_000132,132,0.2021876430110414,0.7552685210504717,1.0,4,-0.0772092541372945,0.0310647885503565,-0.0066630151185745,0.5888160013530146,0.8794971162348483,-0.0291726210262909,0.4217957142917721,0.86404530116851,1,0.988847259003962,0.9308954023784302,-0.0408457750286003,-0.0091766211546439,0,/mnt/data/ml_data/color-modeling-pub/3D_Fish (Copy)/3D_Fish/Downsampled_decimate/Models/Mchenga_m1.obj,/mnt/data/ml_data/color-modeling-pub/3D_Fish (Copy)/3D_Fish/LMS/Mchenga_m1.mrk.json,1e-06,47,0.0
Mchenga_m1_fishy_000139,139,0.1917880010130362,0.6851315393019443,0.945597530350298,4,-0.0864047687335282,0.0219925009906881,-0.0071650565031936,0.7070079377283339,0.9838303764631094,0.0706810369884707,0.3802372804005935,0.9355405886972408,0,0.000480657751789,0.9274766051643156,0.0175853371223836,0.0266026164340946,0,/mnt/data/ml_data/color-modeling-pub/3D_Fish (Copy)/3D_Fish/Downsampled_decimate/Models/Mchenga_m1.obj,/mnt/data/ml_data/color-modeling-pub/3D_Fish (Copy)/3D_Fish/LMS/Mchenga_m1.mrk.json,1e-06,47,0.0
Mchenga_m1_fishy_000148,148,0.1890116097234351,0.6917426351451507,1.0,4,-0.0850639926145982,0.0207450635006762,0.0068577055162591,0.5391181393900247,0.8932628757453763,0.0344532647404908,0.3956981820870556,1.0,1,0.0234716988321033,0.932345454579908,0.0665019769807701,-0.0476297123036232,0,/mnt/data/ml_data/color-modeling-pub/3D_Fish (Copy)/3D_Fish/Downsampled_decimate/Models/Mchenga_m1.obj,/mnt/data/ml_data/color-modeling-pub/3D_Fish (Copy)/3D_Fish/LMS/Mchenga_m1.mrk.json,1e-06,47,0.0
Mchenga_m1_fishy_000160,160,0.1745894870985445,0.6979513512607589,0.9400739468362304,4,-0.0823990209745014,0.030028181718048,-0.0068472103050227,0.5544971681932529,0.903341874840158,-0.0452471227791678,0.4054837635133984,0.8628451067694028,0,0.9744211063655162,0.8941626777945932,0.0390422725931065,-0.0372561847161014,0,/mnt/data/ml_data/color-modeling-pub/3D_Fish (Copy)/3D_Fish/Downsampled_decimate/Models/Mchenga_m1.obj,/mnt/data/ml_data/color-modeling-pub/3D_Fish (Copy)/3D_Fish/LMS/Mchenga_m1.mrk.json,1e-06,47,0.0
Mchenga_m1_fishy_000163,163,0.1738725732131398,0.7060921900735273,1.0,4,-0.0722302131637894,0.0114615042104645,-0.0034178615140417,0.55331360441337,1.0,0.1183194869931774,0.3600803140995452,0.9758660100748248,0,0.0362627667303272,0.9221292885407384,0.0496566229480085,-0.0066480009885662,0,/mnt/data/ml_data/color-modeling-pub/3D_Fish (Copy)/3D_Fish/Downsampled_decimate/Models/Mchenga_m1.obj,/mnt/data/ml_data/color-modeling-pub/3D_Fish (Copy)/3D_Fish/LMS/Mchenga_m1.mrk.json,1e-06,47,0.0
Mchenga_m1_fishy_000164,164,0.1942853139648158,0.7673873856110057,1.0,4,-0.0984732593748465,0.0310806556660173,0.0054271766506453,0.6937705576577474,0.8844361242335046,-0.0263692655769854,0.39069651804676,0.858370107250775,1,0.0111182242501976,0.9366234086714468,0.0290933863003399,-0.0321070050333483,0,/mnt/data/ml_data/color-modeling-pub/3D_Fish (Copy)/3D_Fish/Downsampled_decimate/Models/Mchenga_m1.obj,/mnt/data/ml_data/color-modeling-pub/3D_Fish (Copy)/3D_Fish/LMS/Mchenga_m1.mrk.json,1e-06,47,0.0
Mchenga_m1_fishy_000165,165,0.181781572047856,0.7462722566133276,1.0,4,-0.0892310110214135,0.0192749210408718,0.0116693477450716,0.5570050600687457,0.8871977049275008,0.0555602680877195,0.4343505595847097,0.9867470733495762,0,0.983357962460687,0.9505244927063188,0.0460964877074326,-0.0380544928934891,0,/mnt/data/ml_data/color-modeling-pub/3D_Fish (Copy)/3D_Fish/Downsampled_decimate/Models/Mchenga_m1.obj,/mnt/data/ml_data/color-modeling-pub/3D_Fish (Copy)/3D_Fish/LMS/Mchenga_m1.mrk.json,1e-06,47,0.0
Mchenga_m1_fishy_000166,166,0.2105330958409858,0.669928525170002,0.9679488313829494,4,-0.0854173830840902,0.0339172568640877,-0.0046990994820086,0.7047901476971195,0.947894999582456,0.0597691449395941,0.3674393736684856,0.9515849145941886,1,0.9922718039637362,0.9566917999889762,-0.0247707581142153,0.0331610353052635,0,/mnt/data/ml_data/color-modeling-pub/3D_Fish (Copy)/3D_Fish/Downsampled_decimate/Models/Mchenga_m1.obj,/mnt/data/ml_data/color-modeling-pub/3D_Fish (Copy)/3D_Fish/LMS/Mchenga_m1.mrk.json,1e-06,47,0.0
Mchenga_m1_fishy_000171,171,0.1659050317868081,0.643187358812511,0.9412822986306836,4,-0.0756983584031342,0.0213594254173097,0.0090191543900282,0.7098269044922072,0.8873147304151559,-0.0232950135081441,0.3572457184639208,0.97889339744155,0,0.9845012570265737,0.9645171787785296,-0.0327217767406114,-0.0694992559742218,0,/mnt/data/ml_data/color-modeling-pub/3D_Fish (Copy)/3D_Fish/Downsampled_decimate/Models/Mchenga_m1.obj,/mnt/data/ml_data/color-modeling-pub/3D_Fish (Copy)/3D_Fish/LMS/Mchenga_m1.mrk.json,1e-06,47,0.0
Mchenga_m1_fishy_000175,175,0.1690125630050891,0.7061804384491722,1.0,4,-0.0698893256855323,0.0278280381171906,-0.0026548704980823,0.5532959627207619,0.9792602390339415,-0.0701256294564931,0.391831725232661,0.9192732365828672,0,0.9920470299066364,0.8485240807209934,0.0898063651597639,-0.0822809099679183,0,/mnt/data/ml_data/color-modeling-pub/3D_Fish (Copy)/3D_Fish/Downsampled_decimate/Models/Mchenga_m1.obj,/mnt/data/ml_data/color-modeling-pub/3D_Fish (Copy)/3D_Fish/LMS/Mchenga_m1.mrk.json,1e-06,47,0.0
Mchenga_m1_fishy_000177,177,0.1572512568849475,0.7853535749893197,1.0,4,-0.0800481078065096,0.0267676176894587,0.0023963907532744,0.6963927191205127,0.9587161327124706,0.0168378127902623,0.4236949935488397,0.9977930291446504,0,0.0123746111385002,0.9336059960020762,0.033064249977022,-0.0593918479957573,0,/mnt/data/ml_data/color-modeling-pub/3D_Fish (Copy)/3D_Fish/Downsampled_decimate/Models/Mchenga_m1.obj,/mnt/data/ml_data/color-modeling-pub/3D_Fish (Copy)/3D_Fish/LMS/Mchenga_m1.mrk.json,1e-06,47,0.0
Mchenga_m1_fishy_000179,179,0.1674852247469674,0.7065417519506917,0.9659674345960414,4,-0.0688554006361133,0.0234554126432745,-0.0099754824174163,0.6937935439995101,0.8929917560482777,-0.0347011623961868,0.3931613761044245,1.0,0,0.0050297350790314,0.9752773400562316,-0.0127541520258607,-0.0259229396360986,0,/mnt/data/ml_data/color-modeling-pub/3D_Fish (Copy)/3D_Fish/Downsampled_decimate/Models/Mchenga_m1.obj,/mnt/data/ml_data/color-modeling-pub/3D_Fish (Copy)/3D_Fish/LMS/Mchenga_m1.mrk.json,1e-06,47,0.0
Mchenga_m1_fishy_000182,182,0.1699762547701827,0.7097195191670201,0.9762632604806922,4,-0.0715745678296458,0.023936148045563,0.0106132469770215,0.5544349192645935,0.9000821744899316,0.0090505847049658,0.4251481858564595,0.9430509044062858,0,0.9923823448269276,1.0,-0.0434135587649509,0.0088724659217268,0,/mnt/data/ml_data/color-modeling-pub/3D_Fish (Copy)/3D_Fish/Downsampled_decimate/Models/Mchenga_m1.obj,/mnt/data/ml_data/color-modeling-pub/3D_Fish (Copy)/3D_Fish/LMS/Mchenga_m1.mrk.json,1e-06,47,0.0
Mchenga_m1_fishy_000183,183,0.1869251933543937,0.751437870630367,0.9376424686955293,5,-0.0725688428038001,0.0229042704475322,-0.0041614166333455,0.697197197353109,0.9619305452098325,-0.0317399194221657,0.4012487781142776,0.9031424288062836,0,0.0052387838742977,0.9680613568857652,-0.0640368023475314,0.0172906003032951,0,/mnt/data/ml_data/color-modeling-pub/3D_Fish (Copy)/3D_Fish/Downsampled_decimate/Models/Mchenga_m1.obj,/mnt/data/ml_data/color-modeling-pub/3D_Fish (Copy)/3D_Fish/LMS/Mchenga_m1.mrk.json,1e-06,47,0.0
Mchenga_m1_fishy_000189,189,0.1824599039159178,0.6257661418838563,0.9812972335788632,4,-0.0900782011371336,0.022936558519709,0.008921970174333,0.6933356435569821,1.0,-0.062595036254414,0.3929110212638352,0.9568050602980622,1,0.0144701262588373,0.9899603809853244,0.0198899014408828,0.05501203496813,0,/mnt/data/ml_data/color-modeling-pub/3D_Fish (Copy)/3D_Fish/Downsampled_decimate/Models/Mchenga_m1.obj,/mnt/data/ml_data/color-modeling-pub/3D_Fish (Copy)/3D_Fish/LMS/Mchenga_m1.mrk.json,1e-06,47,0.0
Mchenga_m1_fishy_000204,204,0.1904593103155804,0.7166647647564651,0.9705478007862104,4,-0.0488397925074815,0.0178043406979292,-0.0096233613570465,0.65867984168216,0.926890095549363,0.0317978389042266,0.3995500915352182,0.9254563445929516,0,0.0085159888962024,0.881499794513768,0.0948081783424149,-0.0935209821633807,0,/mnt/data/ml_data/color-modeling-pub/3D_Fish (Copy)/3D_Fish/Downsampled_decimate/Models/Mchenga_m1.obj,/mnt/data/ml_data/color-modeling-pub/3D_Fish (Copy)/3D_Fish/LMS/Mchenga_m1.mrk.json,1e-06,47,0.0
Mchenga_m1_fishy_000207,207,0.1937007944000232,0.6783486170217604,0.9631164128824748,4,-0.0720515278742358,0.0225623790168589,0.0310814213318107,0.5387605419354553,0.9719213104802618,-0.1108382105704589,0.4134897704372154,0.9767389130109462,0,0.9921987351705338,0.994656456402503,0.0652034270407242,0.0019113768755137,0,/mnt/data/ml_data/color-modeling-pub/3D_Fish (Copy)/3D_Fish/Downsampled_decimate/Models/Mchenga_m1.obj,/mnt/data/ml_data/color-modeling-pub/3D_Fish (Copy)/3D_Fish/LMS/Mchenga_m1.mrk.json,1e-06,47,0.0
Mchenga_m1_fishy_000213,213,0.1598522793916121,0.7731146479081255,1.0,4,-0.0858640617534928,0.0225174394523072,0.0003045996965308,0.5330227904516249,0.883047535169496,0.1429655959321927,0.3568948954355088,0.9804832361403096,0,0.9985730752740176,0.9779170621552604,0.0505784898347964,0.0118450692255974,0,/mnt/data/ml_data/color-modeling-pub/3D_Fish (Copy)/3D_Fish/Downsampled_decimate/Models/Mchenga_m1.obj,/mnt/data/ml_data/color-modeling-pub/3D_Fish (Copy)/3D_Fish/LMS/Mchenga_m1.mrk.json,1e-06,47,0.0
Mchenga_m1_fishy_000214,214,0.1647197585297616,0.6892253896353852,1.0,4,-0.081997812036337,0.0263442127758505,0.0281345515576332,0.7082926781445569,0.9378853816177568,0.0470513018525486,0.3952787053412128,0.9445809152921372,0,0.9996445115066418,0.9623647890478128,-0.001599513300557,0.0004528176939139,0,/mnt/data/ml_data/color-modeling-pub/3D_Fish (Copy)/3D_Fish/Downsampled_decimate/Models/Mchenga_m1.obj,/mnt/data/ml_data/color-modeling-pub/3D_Fish (Copy)/3D_Fish/LMS/Mchenga_m1.mrk.json,1e-06,47,0.0
Mchenga_m1_fishy_000221,221,0.1842906194520058,0.7624578784829841,0.913936889552896,4,-0.0841493593054152,0.0302705862649017,0.0013720911011236,0.5620965579040752,1.0,-0.0371161077006457,0.3618201781526683,0.9572532897699264,1,0.9914018798165778,0.8873813215778172,0.0031130252569386,-0.0769400611787253,0,/mnt/data/ml_data/color-modeling-pub/3D_Fish (Copy)/3D_Fish/Downsampled_decimate/Models/Mchenga_m1.obj,/mnt/data/ml_data/color-modeling-pub/3D_Fish (Copy)/3D_Fish/LMS/Mchenga_m1.mrk.json,1e-06,47,0.0
Mchenga_m1_fishy_000226,226,0.1756834141495394,0.7681520598662952,1.0,4,-0.0793547568578261,0.0242044857537109,-3.843657344363568e-05,0.5801281041142684,0.9649837102901254,0.0604114889833955,0.4011643647005666,0.9504412561899036,1,0.989145160503122,0.9351607898337726,0.0263667960375274,-0.0303368354680096,0,/mnt/data/ml_data/color-modeling-pub/3D_Fish (Copy)/3D_Fish/Downsampled_decimate/Models/Mchenga_m1.obj,/mnt/data/ml_data/color-modeling-pub/3D_Fish (Copy)/3D_Fish/LMS/Mchenga_m1.mrk.json,1e-06,47,0.0
Mchenga_m1_fishy_000231,231,0.1832630805100159,0.6800632148449482,0.9744701488876976,4,-0.0656299045308449,0.0342207632811052,0.0099798884123762,0.5798134424659712,0.972012005870794,-0.0552970417236769,0.3989325344117986,0.8867157020467139,1,0.0006664447447383,1.0,-0.0371786715926644,-0.017035898171258,0,/mnt/data/ml_data/color-modeling-pub/3D_Fish (Copy)/3D_Fish/Downsampled_decimate/Models/Mchenga_m1.obj,/mnt/data/ml_data/color-modeling-pub/3D_Fish (Copy)/3D_Fish/LMS/Mchenga_m1.mrk.json,1e-06,47,0.0
Mchenga_m1_fishy_000240,240,0.1867066957021488,0.6648467250580621,0.9707527187775856,4,-0.0795235718134386,0.0185042827336872,-0.0016977154223807,0.5463039870111248,0.9484174250131524,0.0029147779003498,0.3621818184952044,0.994280588094025,0,0.0088970957605226,0.9818377637691056,-0.0557786864454846,-0.0091839370113329,0,/mnt/data/ml_data/color-modeling-pub/3D_Fish (Copy)/3D_Fish/Downsampled_decimate/Models/Mchenga_m1.obj,/mnt/data/ml_data/color-modeling-pub/3D_Fish (Copy)/3D_Fish/LMS/Mchenga_m1.mrk.json,1e-06,47,0.0
Nimbo_f1_fishy_000012,12,0.1718573408486286,0.8117848831157306,1.0,4,-0.1005729354051136,0.0219594655882853,-0.0073443387829317,0.5326121699595118,1.0,-0.0624957474894391,0.373939767539741,0.9173127893643884,1,0.9977261397150516,0.9335815044131578,-0.0034326097117289,0.0034096538319867,1,/mnt/data/ml_data/color-modeling-pub/3D_Fish (Copy)/3D_Fish/Downsampled_decimate/Models/Nimbo_f1.obj,/mnt/data/ml_data/color-modeling-pub/3D_Fish (Copy)/3D_Fish/LMS/Nimbo_f1.mrk.json,1e-06,47,6.272065694166305e-06
Nimbo_f1_fishy_000022,22,0.1751213680096874,0.6656258056134734,1.0,4,-0.0806721961781909,0.0212115906127415,0.0033545784884401,0.5404717129498215,0.9280818355678868,-0.0365876696317053,0.3617649900012213,0.9384053657588064,0,0.0260314487598083,0.9473681162726876,-0.0900299524493742,-0.0795094904016739,1,/mnt/data/ml_data/color-modeling-pub/3D_Fish (Copy)/3D_Fish/Downsampled_decimate/Models/Nimbo_f1.obj,/mnt/data/ml_data/color-modeling-pub/3D_Fish (Copy)/3D_Fish/LMS/Nimbo_f1.mrk.json,1e-06,47,6.272065694166305e-06
Nimbo_f1_fishy_000031,31,0.2028826504129441,0.6950536287043004,1.0,4,-0.0805313493956546,0.0290618359560374,-0.0214617754820996,0.6863893831275205,0.927106363134455,0.0433264677989631,0.3753018596188823,0.9334954942370663,0,0.0049129011806638,0.9554689038853658,-0.0875373789215845,0.0299776216398245,1,/mnt/data/ml_data/color-modeling-pub/3D_Fish (Copy)/3D_Fish/Downsampled_decimate/Models/Nimbo_f1.obj,/mnt/data/ml_data/color-modeling-pub/3D_Fish (Copy)/3D_Fish/LMS/Nimbo_f1.mrk.json,1e-06,47,6.272065694166305e-06
Nimbo_f1_fishy_000041,41,0.1878604472750432,0.7266039019757458,0.9475016582041056,4,-0.0766737898892354,0.0188883804984308,0.0047523178531093,0.5545795850092772,0.9689727548964572,0.0302012481850037,0.357564211827546,0.9545000479795844,1,0.0015888839126378,0.8892830306740589,0.0786748685037837,-0.004031258104194,1,/mnt/data/ml_data/color-modeling-pub/3D_Fish (Copy)/3D_Fish/Downsampled_decimate/Models/Nimbo_f1.obj,/mnt/data/ml_data/color-modeling-pub/3D_Fish (Copy)/3D_Fish/LMS/Nimbo_f1.mrk.json,1e-06,47,6.272065694166305e-06
Nimbo_f1_fishy_000053,53,0.1840760432730172,0.6952689130236084,0.9713283348131524,4,-0.0856334594684759,0.0278969825907943,-0.0082885683173695,0.6621138534356177,0.8933461158164152,-0.0080450959483887,0.4201912742423763,0.9755467546957444,0,0.9869333760118392,0.9854989280119584,-0.0032752185794274,-0.0206819756112928,1,/mnt/data/ml_data/color-modeling-pub/3D_Fish (Copy)/3D_Fish/Downsampled_decimate/Models/Nimbo_f1.obj,/mnt/data/ml_data/color-modeling-pub/3D_Fish (Copy)/3D_Fish/LMS/Nimbo_f1.mrk.json,1e-06,47,6.272065694166305e-06
Nimbo_f1_fishy_000057,57,0.1830120590457544,0.6891192254398006,0.992230025590444,4,-0.0769998092838628,0.0255151963443395,-0.0159947616839884,0.5480490479683897,0.9486988231758972,0.0341672659766237,0.3631004050614503,0.9561068861933526,0,0.9945413985417334,0.9221883330851618,0.0568463950901665,-0.0987269304987724,1,/mnt/data/ml_data/color-modeling-pub/3D_Fish (Copy)/3D_Fish/Downsampled_decimate/Models/Nimbo_f1.obj,/mnt/data/ml_data/color-modeling-pub/3D_Fish (Copy)/3D_Fish/LMS/Nimbo_f1.mrk.json,1e-06,47,6.272065694166305e-06
Nimbo_f1_fishy_000072,72,0.1766747503038161,0.6840803507643849,0.961976504073146,4,-0.0895740405382901,0.01971913927462,-0.0109504851667662,0.6953299999291086,0.9721668605289576,-0.0557298166543298,0.3499013541937459,0.9960974788063874,1,0.0182222428460779,1.0,-0.0089012657170667,-0.0386473649057044,1,/mnt/data/ml_data/color-modeling-pub/3D_Fish (Copy)/3D_Fish/Downsampled_decimate/Models/Nimbo_f1.obj,/mnt/data/ml_data/color-modeling-pub/3D_Fish (Copy)/3D_Fish/LMS/Nimbo_f1.mrk.json,1e-06,47,6.272065694166305e-06
Nimbo_f1_fishy_000084,84,0.1766466307715019,0.6864501921291633,1.0,4,-0.0668445595064866,0.0234981298231361,0.0081121625092716,0.5271620002916798,0.9493869548207756,-0.0265424511880955,0.3404555916142132,0.9929673070280868,0,0.0101035507575106,0.9737555075425608,-0.0256445442332583,-0.0429636736322,1,/mnt/data/ml_data/color-modeling-pub/3D_Fish (Copy)/3D_Fish/Downsampled_decimate/Models/Nimbo_f1.obj,/mnt/data/ml_data/color-modeling-pub/3D_Fish (Copy)/3D_Fish/LMS/Nimbo_f1.mrk.json,1e-06,47,6.272065694166305e-06
Nimbo_f1_fishy_000091,91,0.1487996048195544,0.7115429177141465,0.9504085993271192,4,-0.0948662612345037,0.0290619992598889,0.0105811663577631,0.5670470417362606,0.9732493423443028,0.0011055840988283,0.3431207259741674,0.977225852872763,0,0.9914904916125024,0.9138670911979871,-0.020080820899023,0.0335108540782695,1,/mnt/data/ml_data/color-modeling-pub/3D_Fish (Copy)/3D_Fish/Downsampled_decimate/Models/Nimbo_f1.obj,/mnt/data/ml_data/color-modeling-pub/3D_Fish (Copy)/3D_Fish/LMS/Nimbo_f1.mrk.json,1e-06,47,6.272065694166305e-06
Nimbo_f1_fishy_000096,96,0.1852030349863374,0.7627979719791226,1.0,5,-0.0742412499685081,0.0160364004461325,0.0108056684835885,0.5742975289365778,0.8342885760911035,0.0399245292991118,0.3451676189929407,0.9728208669417918,0,0.9956548456633382,1.0,0.0237820206229921,-0.0485448133076889,1,/mnt/data/ml_data/color-modeling-pub/3D_Fish (Copy)/3D_Fish/Downsampled_decimate/Models/Nimbo_f1.obj,/mnt/data/ml_data/color-modeling-pub/3D_Fish (Copy)/3D_Fish/LMS/Nimbo_f1.mrk.json,1e-06,47,6.272065694166305e-06
Nimbo_f1_fishy_000100,100,0.1803236045441854,0.7403036786927689,0.9988165782114562,5,-0.0865793868973679,0.0252248248781574,0.0051878752163131,0.6989644339532073,0.9700577305377576,0.0539784381269361,0.3585229218894449,0.9387182744986056,0,0.9899936512178747,0.8906610371009228,-0.027796201095974,0.034666385601844,1,/mnt/data/ml_data/color-modeling-pub/3D_Fish (Copy)/3D_Fish/Downsampled_decimate/Models/Nimbo_f1.obj,/mnt/data/ml_data/color-modeling-pub/3D_Fish (Copy)/3D_Fish/LMS/Nimbo_f1.mrk.json,1e-06,47,6.272065694166305e-06
Nimbo_f1_fishy_000101,101,0.1682065142022536,0.6072520271910654,1.0,4,-0.0769021494390117,0.0217942760749544,0.0065332090800652,0.7256330236866004,0.920675974594886,-0.0181234810848535,0.4519182436228461,0.8927652151820232,1,0.0144812360648171,0.9484272400340568,0.0574041722363656,0.026625711416032,1,/mnt/data/ml_data/color-modeling-pub/3D_Fish (Copy)/3D_Fish/Downsampled_decimate/Models/Nimbo_f1.obj,/mnt/data/ml_data/color-modeling-pub/3D_Fish (Copy)/3D_Fish/LMS/Nimbo_f1.mrk.json,1e-06,47,6.272065694166305e-06
Nimbo_f1_fishy_000103,103,0.1708058697010658,0.7064888157283337,1.0,4,-0.0797195062343711,0.027973703159747,0.0158936088672171,0.5718054762322755,0.9714653178360384,-0.0792710952462574,0.3431426156475678,1.0,1,0.0069399561136294,1.0,0.0028738012858182,-0.0580389102257832,1,/mnt/data/ml_data/color-modeling-pub/3D_Fish (Copy)/3D_Fish/Downsampled_decimate/Models/Nimbo_f1.obj,/mnt/data/ml_data/color-modeling-pub/3D_Fish (Copy)/3D_Fish/LMS/Nimbo_f1.mrk.json,1e-06,47,6.272065694166305e-06
Nimbo_f1_fishy_000108,108,0.1797322449489954,0.670681429116816,0.9754981258326626,5,-0.084717174122315,0.025312918050842,0.0246805340484427,0.702321602563632,1.0,-0.101739545630082,0.3663747126196732,0.9730063178295464,1,0.996981781922249,0.965701523730792,0.0156333585770316,0.0113713671585148,1,/mnt/data/ml_data/color-modeling-pub/3D_Fish (Copy)/3D_Fish/Downsampled_decimate/Models/Nimbo_f1.obj,/mnt/data/ml_data/color-modeling-pub/3D_Fish (Copy)/3D_Fish/LMS/Nimbo_f1.mrk.json,1e-06,47,6.272065694166305e-06
Nimbo_f1_fishy_000109,109,0.1880862024033686,0.775153053186687,1.0,4,-0.0817079142875721,0.016782115714072,0.0016258025447349,0.6906476415900604,1.0,0.0378663714869373,0.410788137660375,1.0,1,0.9845740811376168,1.0,-0.0057832429949329,0.009063280722908,1,/mnt/data/ml_data/color-modeling-pub/3D_Fish (Copy)/3D_Fish/Downsampled_decimate/Models/Nimbo_f1.obj,/mnt/data/ml_data/color-modeling-pub/3D_Fish (Copy)/3D_Fish/LMS/Nimbo_f1.mrk.json,1e-06,47,6.272065694166305e-06
Nimbo_f1_fishy_000112,112,0.2205595752027334,0.6841791701342971,1.0,4,-0.0716283005716586,0.0268183371714274,1.4889967068690268e-05,0.6972856263560472,0.9168417008601356,-0.0332929945163618,0.3531030665731962,0.8606416833758055,1,0.0010633584006905,0.9629763191499312,-0.0555057525571862,-0.103754839701085,1,/mnt/data/ml_data/color-modeling-pub/3D_Fish (Copy)/3D_Fish/Downsampled_decimate/Models/Nimbo_f1.obj,/mnt/data/ml_data/color-modeling-pub/3D_Fish (Copy)/3D_Fish/LMS/Nimbo_f1.mrk.json,1e-06,47,6.272065694166305e-06
Nimbo_f1_fishy_000126,126,0.1726137881132326,0.7246407061321436,1.0,4,-0.1116226849486137,0.0207099133908943,0.0163511550381231,0.7083286959296177,0.9360001819373628,-0.0280448950124557,0.3545092203435257,0.9272533484266896,0,0.9930101229021968,1.0,-0.0702643898641231,-0.0924370901679427,1,/mnt/data/ml_data/color-modeling-pub/3D_Fish (Copy)/3D_Fish/Downsampled_decimate/Models/Nimbo_f1.obj,/mnt/data/ml_data/color-modeling-pub/3D_Fish (Copy)/3D_Fish/LMS/Nimbo_f1.mrk.json,1e-06,47,6.272065694166305e-06
Nimbo_f1_fishy_000141,141,0.1556704369004556,0.6843996125431205,0.991101502423394,4,-0.086165473867099,0.0235626287882867,0.0147401404320046,0.678257262421039,0.9261645759080712,0.0327397501742474,0.3910629323292209,0.8408063889856131,1,0.0035500529044083,0.9121758692600148,-0.0076489402080438,0.0453211911129178,1,/mnt/data/ml_data/color-modeling-pub/3D_Fish (Copy)/3D_Fish/Downsampled_decimate/Models/Nimbo_f1.obj,/mnt/data/ml_data/color-modeling-pub/3D_Fish (Copy)/3D_Fish/LMS/Nimbo_f1.mrk.json,1e-06,47,6.272065694166305e-06
Nimbo_f1_fishy_000143,143,0.2009527437864584,0.7084965340830235,1.0,5,-0.0828031572494112,0.0226752388152031,0.004470503635454,0.6866685401134491,0.943686909851708,-0.0604774688670225,0.3809289593583876,0.9030798444236996,1,0.0062086814293513,0.9811222940766148,0.0279611451467805,0.0105727639223926,1,/mnt/data/ml_data/color-modeling-pub/3D_Fish (Copy)/3D_Fish/Downsampled_decimate/Models/Nimbo_f1.obj,/mnt/data/ml_data/color-modeling-pub/3D_Fish (Copy)/3D_Fish/LMS/Nimbo_f1.mrk.json,1e-06,47,6.272065694166305e-06
Nimbo_f1_fishy_000149,149,0.167149442603261,0.6249525055121268,1.0,4,-0.0764359930671159,0.015708943444019,0.0025402565763796,0.5427082936576751,0.9822163160914102,-0.0211215624249006,0.4050894228547262,0.954714483973348,1,0.0143254419024151,0.964877369364336,-0.0457802460030265,-0.0790450074965158,1,/mnt/data/ml_data/color-modeling-pub/3D_Fish (Copy)/3D_Fish/Downsampled_decimate/Models/Nimbo_f1.obj,/mnt/data/ml_data/color-modeling-pub/3D_Fish (Copy)/3D_Fish/LMS/Nimbo_f1.mrk.json,1e-06,47,6.272065694166305e-06
Nimbo_f1_fishy_000151,151,0.1718303672695571,0.6901758868803253,1.0,4,-0.081369636768795,0.0288300941462628,0.0149168353745506,0.568530906899416,0.9810320472312416,-0.0630226516091115,0.3944600965136868,0.9143991207064828,0,0.0027601496593471,0.89108928102903,0.021538782036173,-0.006789103815872,1,/mnt/data/ml_data/color-modeling-pub/3D_Fish (Copy)/3D_Fish/Downsampled_decimate/Models/Nimbo_f1.obj,/mnt/data/ml_data/color-modeling-pub/3D_Fish (Copy)/3D_Fish/LMS/Nimbo_f1.mrk.json,1e-06,47,6.272065694166305e-06
Nimbo_f1_fishy_000156,156,0.1769834428342107,0.7022128717866916,0.9722632511059154,4,-0.0777395142804632,0.0363509941298494,-0.0148492612310957,0.7099276340119751,0.8914691247463737,0.0267406398387243,0.3481371266038439,0.9522334249143148,1,0.9839247167353992,0.9163842813291492,-0.0091654696109684,0.0012545433038686,1,/mnt/data/ml_data/color-modeling-pub/3D_Fish (Copy)/3D_Fish/Downsampled_decimate/Models/Nimbo_f1.obj,/mnt/data/ml_data/color-modeling-pub/3D_Fish (Copy)/3D_Fish/LMS/Nimbo_f1.mrk.json,1e-06,47,6.272065694166305e-06
Nimbo_f1_fishy_000158,158,0.15634998945612,0.6812312637259001,1.0,4,-0.0939833274729377,0.0261440392036249,0.0051020223974868,0.5744464676971379,0.8689621348169934,0.030004066985292,0.4227725953597722,0.9844969021893304,0,0.0025862574099615,1.0,0.0179532451843739,0.0033821384906877,1,/mnt/data/ml_data/color-modeling-pub/3D_Fish (Copy)/3D_Fish/Downsampled_decimate/Models/Nimbo_f1.obj,/mnt/data/ml_data/color-modeling-pub/3D_Fish (Copy)/3D_Fish/LMS/Nimbo_f1.mrk.json,1e-06,47,6.272065694166305e-06
Nimbo_f1_fishy_000168,168,0.1712752542029768,0.6818439863983611,1.0,4,-0.0843945917734554,0.0296512493707239,-0.0008617813434557,0.7054076014550897,0.9768992093000962,0.0055449043931926,0.413224226691471,1.0,0,0.0141150597423317,0.961811833917348,0.0134587174670781,-0.1257183393569159,1,/mnt/data/ml_data/color-modeling-pub/3D_Fish (Copy)/3D_Fish/Downsampled_decimate/Models/Nimbo_f1.obj,/mnt/data/ml_data/color-modeling-pub/3D_Fish (Copy)/3D_Fish/LMS/Nimbo_f1.mrk.json,1e-06,47,6.272065694166305e-06
Nimbo_f1_fishy_000178,178,0.181525260930554,0.7262345061388026,1.0,4,-0.0786945192483246,0.0240601234989307,0.0087023343317255,0.5574116191873172,0.8969651691097162,0.002037022249682,0.3515457683159523,0.8869173110182557,1,0.0116907053931964,1.0,-0.0120201914190838,-0.0034960082974883,1,/mnt/data/ml_data/color-modeling-pub/3D_Fish (Copy)/3D_Fish/Downsampled_decimate/Models/Nimbo_f1.obj,/mnt/data/ml_data/color-modeling-pub/3D_Fish (Copy)/3D_Fish/LMS/Nimbo_f1.mrk.json,1e-06,47,6.272065694166305e-06
Nimbo_f1_fishy_000200,200,0.1732428028071093,0.7041707154010055,1.0,4,-0.0600147818846525,0.027415768588686,0.0117391433402388,0.569389108317083,1.0,0.0237988320320236,0.3531515412658298,0.9972129266023272,0,0.0084758289065717,0.9129093492599628,-0.1074027177404755,-0.0424513193663659,1,/mnt/data/ml_data/color-modeling-pub/3D_Fish (Copy)/3D_Fish/Downsampled_decimate/Models/Nimbo_f1.obj,/mnt/data/ml_data/color-modeling-pub/3D_Fish (Copy)/3D_Fish/LMS/Nimbo_f1.mrk.json,1e-06,47,6.272065694166305e-06
Nimbo_f1_fishy_000210,210,0.1553440658772258,0.6930387219123912,0.9204548295842894,4,-0.0875989578645305,0.0255550283842508,0.0053284834413738,0.5336894934987989,0.941632069919983,0.0636470978070232,0.4122190551924432,0.9794052697106564,1,0.0205113813771546,0.9692569648268328,0.062468883050637,-0.0139548384112479,1,/mnt/data/ml_data/color-modeling-pub/3D_Fish (Copy)/3D_Fish/Downsampled_decimate/Models/Nimbo_f1.obj,/mnt/data/ml_data/color-modeling-pub/3D_Fish (Copy)/3D_Fish/LMS/Nimbo_f1.mrk.json,1e-06,47,6.272065694166305e-06
Nimbo_f1_fishy_000232,232,0.1713451787558906,0.6941240489983624,0.9418009246624284,5,-0.0801084196153309,0.0204131125769599,0.0158665279741031,0.6970409707815248,0.9943960930840396,-0.0596170823726594,0.3382063390278475,0.8794204113812698,0,0.9975681820922808,0.8967898262662539,-0.0192674409222797,0.03743381157089,1,/mnt/data/ml_data/color-modeling-pub/3D_Fish (Copy)/3D_Fish/Downsampled_decimate/Models/Nimbo_f1.obj,/mnt/data/ml_data/color-modeling-pub/3D_Fish (Copy)/3D_Fish/LMS/Nimbo_f1.mrk.json,1e-06,47,6.272065694166305e-06
Nimbo_f1_fishy_000239,239,0.1946082748569688,0.6839982817436375,1.0,4,-0.0750149007657634,0.0231781641215146,-0.015535901158676,0.565987889260281,1.0,-0.0959529669564478,0.4273688342327125,0.9140126475865702,0,0.0347461670287029,0.91947566297516,0.0288314843942187,0.036840988470426,1,/mnt/data/ml_data/color-modeling-pub/3D_Fish (Copy)/3D_Fish/Downsampled_decimate/Models/Nimbo_f1.obj,/mnt/data/ml_data/color-modeling-pub/3D_Fish (Copy)/3D_Fish/LMS/Nimbo_f1.mrk.json,1e-06,47,6.272065694166305e-06
Nimbo_f1_fishy_000244,244,0.1844210017780903,0.6872370418986806,0.960627382905339,4,-0.0856599009444263,0.0274190387104617,0.010918077981848,0.6748071820727677,1.0,-0.0084706713362091,0.3728045372135216,0.9117118978055476,1,0.0003416467626175,0.8999799582762108,0.0094610307428064,0.0083621663904913,1,/mnt/data/ml_data/color-modeling-pub/3D_Fish (Copy)/3D_Fish/Downsampled_decimate/Models/Nimbo_f1.obj,/mnt/data/ml_data/color-modeling-pub/3D_Fish (Copy)/3D_Fish/LMS/Nimbo_f1.mrk.json,1e-06,47,6.272065694166305e-06
Nimbo_f1_fishy_000245,245,0.1944098516092559,0.7159963808495174,1.0,5,-0.0648861258468124,0.03001461638401,0.0025642520825074,0.575283883398146,1.0,-0.0131118774192341,0.4205700989394116,0.9409253989023656,1,0.9956643916275376,0.9971580838738252,0.0871870854316836,-0.0686119789907224,1,/mnt/data/ml_data/color-modeling-pub/3D_Fish (Copy)/3D_Fish/Downsampled_decimate/Models/Nimbo_f1.obj,/mnt/data/ml_data/color-modeling-pub/3D_Fish (Copy)/3D_Fish/LMS/Nimbo_f1.mrk.json,1e-06,47,6.272065694166305e-06
Nimbo_f2_fishy_000000,0,0.1629240423983296,0.7677996844321487,1.0,5,-0.075162108284811,0.029283196857186,0.0026759192589446,0.5662764698001381,0.9306342093708384,0.1367095215818492,0.3478991681723332,0.8981816047445409,1,0.9959532095321276,0.9563620055665,-0.0409854604249271,-0.0383786944932564,2,/mnt/data/ml_data/color-modeling-pub/3D_Fish (Copy)/3D_Fish/Downsampled_decimate/Models/Nimbo_f2.obj,/mnt/data/ml_data/color-modeling-pub/3D_Fish (Copy)/3D_Fish/LMS/Nimbo_f2.mrk.json,1e-06,47,7.136434599447353e-06
Nimbo_f2_fishy_000006,6,0.1836657185807164,0.722625467579583,1.0,4,-0.0840184895581901,0.0302961947016812,-0.0002879620487292,0.5796463831208944,0.836190960990826,0.0020730994135376,0.3854614277755409,0.951076537219522,1,0.9872953699305094,0.9508513695533346,0.0001340431802785,-0.0324029487159296,2,/mnt/data/ml_data/color-modeling-pub/3D_Fish (Copy)/3D_Fish/Downsampled_decimate/Models/Nimbo_f2.obj,/mnt/data/ml_data/color-modeling-pub/3D_Fish (Copy)/3D_Fish/LMS/Nimbo_f2.mrk.json,1e-06,47,7.136434599447353e-06
Nimbo_f2_fishy_000013,13,0.1871190630995305,0.6884854704504089,1.0,4,-0.1040447282203899,0.0208364559010666,0.0060287100494678,0.6685982370098532,0.8622260231062653,-0.0625020259026182,0.383255557423467,1.0,1,0.0116745582886965,0.8235972681306211,0.043296696282151,-0.0698055018924196,2,/mnt/data/ml_data/color-modeling-pub/3D_Fish (Copy)/3D_Fish/Downsampled_decimate/Models/Nimbo_f2.obj,/mnt/data/ml_data/color-modeling-pub/3D_Fish (Copy)/3D_Fish/LMS/Nimbo_f2.mrk.json,1e-06,47,7.136434599447353e-06
Nimbo_f2_fishy_000017,17,0.1940280446406169,0.7093549876232238,0.93734044098739,4,-0.0797976981396929,0.0323813555151409,0.0066308480267317,0.5665239178991023,0.9429107289026704,0.0471741821630118,0.392877247111527,0.957109236621866,0,0.0016514453880424,0.8887230899333147,-0.0158237780478699,-0.0616211226019539,2,/mnt/data/ml_data/color-modeling-pub/3D_Fish (Copy)/3D_Fish/Downsampled_decimate/Models/Nimbo_f2.obj,/mnt/data/ml_data/color-modeling-pub/3D_Fish (Copy)/3D_Fish/LMS/Nimbo_f2.mrk.json,1e-06,47,7.136434599447353e-06
Nimbo_f2_fishy_000019,19,0.1874646163933458,0.6468175937305882,0.9982390474631596,5,-0.083646648778323,0.0200543404020564,0.0206617202471597,0.5497968490578256,0.8489289328829566,-0.0719159406890464,0.3429383868428188,0.9939932889411076,1,0.9995530778970524,0.952278972983694,-0.0963981987322543,-0.0446099992336483,2,/mnt/data/ml_data/color-modeling-pub/3D_Fish (Copy)/3D_Fish/Downsampled_decimate/Models/Nimbo_f2.obj,/mnt/data/ml_data/color-modeling-pub/3D_Fish (Copy)/3D_Fish/LMS/Nimbo_f2.mrk.json,1e-06,47,7.136434599447353e-06
Nimbo_f2_fishy_000037,37,0.1811605776859028,0.7289601473193774,1.0,4,-0.0712306146146688,0.0318746342267521,0.0116727256114256,0.5781519645476869,0.9301037680118108,-0.001818294432389,0.3576786301395194,0.9868532198182588,1,0.0244170552423443,0.9799878743665176,0.0171868199304421,-0.0409123775247326,2,/mnt/data/ml_data/color-modeling-pub/3D_Fish (Copy)/3D_Fish/Downsampled_decimate/Models/Nimbo_f2.obj,/mnt/data/ml_data/color-modeling-pub/3D_Fish (Copy)/3D_Fish/LMS/Nimbo_f2.mrk.json,1e-06,47,7.136434599447353e-06
Nimbo_f2_fishy_000050,50,0.1982539928018108,0.6670968458148139,1.0,4,-0.0761364702529625,0.0245090070795794,-0.0017460422777332,0.6842063732308137,0.9714465323192234,-0.0262105188181659,0.3510858202426865,1.0,0,0.0022017782768715,0.9630165132025896,0.0333761377352017,-0.0342492371330146,2,/mnt/data/ml_data/color-modeling-pub/3D_Fish (Copy)/3D_Fish/Downsampled_decimate/Models/Nimbo_f2.obj,/mnt/data/ml_data/color-modeling-pub/3D_Fish (Copy)/3D_Fish/LMS/Nimbo_f2.mrk.json,1e-06,47,7.136434599447353e-06
Nimbo_f2_fishy_000051,51,0.2035385860967407,0.6612610944067214,1.0,4,-0.0628813590935297,0.0330990578692384,0.0023801343008969,0.6838314185180641,0.897409289867545,-0.0451644152867488,0.3752384678304077,0.8772083627394762,0,0.996348186402126,0.9304249530933368,0.0077069833030761,-0.0068403968955002,2,/mnt/data/ml_data/color-modeling-pub/3D_Fish (Copy)/3D_Fish/Downsampled_decimate/Models/Nimbo_f2.obj,/mnt/data/ml_data/color-modeling-pub/3D_Fish (Copy)/3D_Fish/LMS/Nimbo_f2.mrk.json,1e-06,47,7.136434599447353e-06
Nimbo_f2_fishy_000055,55,0.1896922026479491,0.7867590879768344,1.0,4,-0.1002725726052954,0.0246921348381672,-0.0076705998279967,0.704678552211906,0.9807115501316296,0.0422096586799338,0.3786137309219133,0.9224955791133814,0,0.0173707475042553,0.9503671385573476,-0.0004469430628773,0.0073005015782779,2,/mnt/data/ml_data/color-modeling-pub/3D_Fish (Copy)/3D_Fish/Downsampled_decimate/Models/Nimbo_f2.obj,/mnt/data/ml_data/color-modeling-pub/3D_Fish (Copy)/3D_Fish/LMS/Nimbo_f2.mrk.json,1e-06,47,7.136434599447353e-06
Nimbo_f2_fishy_000065,65,0.1704031381388406,0.7288816264498886,0.9974762534243744,4,-0.0675487913927508,0.0276102774581808,0.0099321256073375,0.6914614624381119,0.9173782503065752,0.0075058789760419,0.3944082634561144,0.9647486085470038,1,0.0061885655485986,0.8874212915582183,-0.0029500357266736,0.0634237072235349,2,/mnt/data/ml_data/color-modeling-pub/3D_Fish (Copy)/3D_Fish/Downsampled_decimate/Models/Nimbo_f2.obj,/mnt/data/ml_data/color-modeling-pub/3D_Fish (Copy)/3D_Fish/LMS/Nimbo_f2.mrk.json,1e-06,47,7.136434599447353e-06
Nimbo_f2_fishy_000066,66,0.1739908230738214,0.7398042096711276,0.955889496684321,5,-0.0874990221804944,0.0333171896516743,0.0016562559500925,0.6972970568603013,0.993800775340027,-0.0519768390094948,0.3640818894617061,0.9656609738369486,0,0.9727251240183136,0.9098276876594033,0.036193350338465,0.0427060163793317,2,/mnt/data/ml_data/color-modeling-pub/3D_Fish (Copy)/3D_Fish/Downsampled_decimate/Models/Nimbo_f2.obj,/mnt/data/ml_data/color-modeling-pub/3D_Fish (Copy)/3D_Fish/LMS/Nimbo_f2.mrk.json,1e-06,47,7.136434599447353e-06
Nimbo_f2_fishy_000068,68,0.1889981407116079,0.7043075279832979,1.0,5,-0.0686433052167,0.0197024651069187,-0.0021627334388339,0.6766067370382988,0.8269821354011428,-0.0533699003365933,0.4062855911356776,0.9849951034636778,0,0.0094829871109267,1.0,-0.0848705962534049,-0.0983239598296228,2,/mnt/data/ml_data/color-modeling-pub/3D_Fish (Copy)/3D_Fish/Downsampled_decimate/Models/Nimbo_f2.obj,/mnt/data/ml_data/color-modeling-pub/3D_Fish (Copy)/3D_Fish/LMS/Nimbo_f2.mrk.json,1e-06,47,7.136434599447353e-06
Nimbo_f2_fishy_000069,69,0.178786315582179,0.721922358404862,1.0,4,-0.0850085727407708,0.0201532176381556,-0.0082662071125348,0.7148116650183632,1.0,0.0429872236655676,0.3766009478441672,0.9300740228322496,0,0.9993292750838868,0.946945519657556,-0.0021046166355493,0.0452938640147809,2,/mnt/data/ml_data/color-modeling-pub/3D_Fish (Copy)/3D_Fish/Downsampled_decimate/Models/Nimbo_f2.obj,/mnt/data/ml_data/color-modeling-pub/3D_Fish (Copy)/3D_Fish/LMS/Nimbo_f2.mrk.json,1e-06,47,7.136434599447353e-06
Nimbo_f2_fishy_000077,77,0.1875000717803074,0.7311073650156246,1.0,4,-0.0855154126183389,0.0233916909138997,-0.0119487828352248,0.5774726345346051,0.9456883701829516,-0.0515121271459003,0.3362948681846921,0.889861499045699,0,0.989708668459938,0.972278614061802,0.0241006883433167,0.0174299205910725,2,/mnt/data/ml_data/color-modeling-pub/3D_Fish (Copy)/3D_Fish/Downsampled_decimate/Models/Nimbo_f2.obj,/mnt/data/ml_data/color-modeling-pub/3D_Fish (Copy)/3D_Fish/LMS/Nimbo_f2.mrk.json,1e-06,47,7.136434599447353e-06
Nimbo_f2_fishy_000078,78,0.156265412186298,0.7014185560841188,0.892031104479027,4,-0.0633778176445144,0.027667840001462,-0.0061578972528232,0.7025739275472148,0.973279104098508,0.1087085090542244,0.4179501941841418,0.9261611688294838,0,0.0057163472589777,0.940511955675882,0.0961082091986192,0.0202012246328957,2,/mnt/data/ml_data/color-modeling-pub/3D_Fish (Copy)/3D_Fish/Downsampled_decimate/Models/Nimbo_f2.obj,/mnt/data/ml_data/color-modeling-pub/3D_Fish (Copy)/3D_Fish/LMS/Nimbo_f2.mrk.json,1e-06,47,7.136434599447353e-06
Nimbo_f2_fishy_000080,80,0.1685725991026136,0.6739299106330063,1.0,4,-0.0864808016520861,0.0180936219684362,-0.0096020866676093,0.5634604949798404,0.919701616180402,-0.1386761214438772,0.3972899263056048,0.927080002673348,0,0.0061999085097819,0.9951373070374084,0.0353663485282048,0.1314739876408866,2,/mnt/data/ml_data/color-modeling-pub/3D_Fish (Copy)/3D_Fish/Downsampled_decimate/Models/Nimbo_f2.obj,/mnt/data/ml_data/color-modeling-pub/3D_Fish (Copy)/3D_Fish/LMS/Nimbo_f2.mrk.json,1e-06,47,7.136434599447353e-06
Nimbo_f2_fishy_000081,81,0.1964351807298247,0.693454302808262,0.9383050822669604,4,-0.1121543992040558,0.0271430074227934,0.0012377857518557,0.7056726581893018,0.9628017229672504,-0.0055868478535978,0.3949860335811907,0.9731394862896162,1,0.0035846392397752,1.0,-0.06503958551458,-0.1380601898760874,2,/mnt/data/ml_data/color-modeling-pub/3D_Fish (Copy)/3D_Fish/Downsampled_decimate/Models/Nimbo_f2.obj,/mnt/data/ml_data/color-modeling-pub/3D_Fish (Copy)/3D_Fish/LMS/Nimbo_f2.mrk.json,1e-06,47,7.136434599447353e-06
Nimbo_f2_fishy_000083,83,0.195585639088281,0.7416180277872901,0.9288621788376622,4,-0.0761453895929055,0.026397607249689,-0.0040943509530966,0.670383480686739,0.9157669702891296,-0.0313829550153583,0.3793793090986193,0.9223879473132692,1,0.0257107485561289,1.0,0.0054054869257714,-0.0382103285659989,2,/mnt/data/ml_data/color-modeling-pub/3D_Fish (Copy)/3D_Fish/Downsampled_decimate/Models/Nimbo_f2.obj,/mnt/data/ml_data/color-modeling-pub/3D_Fish (Copy)/3D_Fish/LMS/Nimbo_f2.mrk.json,1e-06,47,7.136434599447353e-06
Nimbo_f2_fishy_000098,98,0.1646208766056507,0.7245949924193911,0.9168841247822858,4,-0.0770179238695405,0.0241844496668514,0.0163038660020238,0.7154044408743347,0.9925493348050424,-0.0319874387084142,0.37614599146691,0.9404178517234508,0,0.9988439005366434,1.0,0.0499899329110762,0.0232939678457574,2,/mnt/data/ml_data/color-modeling-pub/3D_Fish (Copy)/3D_Fish/Downsampled_decimate/Models/Nimbo_f2.obj,/mnt/data/ml_data/color-modeling-pub/3D_Fish (Copy)/3D_Fish/LMS/Nimbo_f2.mrk.json,1e-06,47,7.136434599447353e-06
Nimbo_f2_fishy_000106,106,0.1843979778190795,0.7907793975556094,0.9498419451317665,5,-0.0828427615050299,0.0212015564267175,0.0088089968898047,0.6816247873123946,0.9479608427429362,-0.1098862050001592,0.422528064860089,0.96786421922161,0,0.026104400950364,0.9686248194348216,-0.0257928287297289,-0.0118027753739942,2,/mnt/data/ml_data/color-modeling-pub/3D_Fish (Copy)/3D_Fish/Downsampled_decimate/Models/Nimbo_f2.obj,/mnt/data/ml_data/color-modeling-pub/3D_Fish (Copy)/3D_Fish/LMS/Nimbo_f2.mrk.json,1e-06,47,7.136434599447353e-06
Nimbo_f2_fishy_000107,107,0.1650060839151527,0.717615187933104,0.9863336305230436,4,-0.0798847858094945,0.0234839537991063,-0.0047314505889983,0.7036722895688176,0.9687025959095172,-0.0549761585138741,0.4295808206824317,0.9829837260378084,0,0.0124661694759185,0.9078737591862792,0.0723263013037934,0.0048762510238633,2,/mnt/data/ml_data/color-modeling-pub/3D_Fish (Copy)/3D_Fish/Downsampled_decimate/Models/Nimbo_f2.obj,/mnt/data/ml_data/color-modeling-pub/3D_Fish (Copy)/3D_Fish/LMS/Nimbo_f2.mrk.json,1e-06,47,7.136434599447353e-06
Nimbo_f2_fishy_000115,115,0.1656823017028682,0.7468307075516255,1.0,4,-0.0866964679749159,0.0235774554093127,0.0043066852506268,0.7028847803150812,0.949328213276172,0.0593620299140508,0.4241037478619011,0.9843525211741232,0,0.9971243434755968,0.8598991092718553,0.071785985269489,0.0020491242864321,2,/mnt/data/ml_data/color-modeling-pub/3D_Fish (Copy)/3D_Fish/Downsampled_decimate/Models/Nimbo_f2.obj,/mnt/data/ml_data/color-modeling-pub/3D_Fish (Copy)/3D_Fish/LMS/Nimbo_f2.mrk.json,1e-06,47,7.136434599447353e-06
Nimbo_f2_fishy_000125,125,0.1679057870008433,0.6636946761491319,1.0,4,-0.0769494164291114,0.0242369527827053,-0.0089901095681763,0.5692809422338735,0.9539438098125268,-0.033586659480926,0.3756190676757405,0.9580359470855558,0,0.9979017565864128,0.9176984974283064,0.0341589035376973,-0.0529419031510477,2,/mnt/data/ml_data/color-modeling-pub/3D_Fish (Copy)/3D_Fish/Downsampled_decimate/Models/Nimbo_f2.obj,/mnt/data/ml_data/color-modeling-pub/3D_Fish (Copy)/3D_Fish/LMS/Nimbo_f2.mrk.json,1e-06,47,7.136434599447353e-06
Nimbo_f2_fishy_000128,128,0.164139031575755,0.782688662601642,0.8783834099002096,5,-0.0752530757466885,0.0287568778366956,0.0221667697313415,0.6909292919503305,0.907172758383108,-0.0581616940279667,0.3942452989313603,0.773689661183658,0,0.0067401668538317,0.921070401040096,-0.0716086648617837,-0.0187284697364633,2,/mnt/data/ml_data/color-modeling-pub/3D_Fish (Copy)/3D_Fish/Downsampled_decimate/Models/Nimbo_f2.obj,/mnt/data/ml_data/color-modeling-pub/3D_Fish (Copy)/3D_Fish/LMS/Nimbo_f2.mrk.json,1e-06,47,7.136434599447353e-06
Nimbo_f2_fishy_000142,142,0.1716446899944231,0.7458351263901024,1.0,5,-0.0747413162104893,0.0273518676772336,-0.0032670023061737,0.713485583919967,0.9257143634887276,0.0030608009656731,0.3632722592559099,0.8958713472957031,0,0.0101695826651388,0.9539368888191068,-0.0469946687132178,0.0023121712749757,2,/mnt/data/ml_data/color-modeling-pub/3D_Fish (Copy)/3D_Fish/Downsampled_decimate/Models/Nimbo_f2.obj,/mnt/data/ml_data/color-modeling-pub/3D_Fish (Copy)/3D_Fish/LMS/Nimbo_f2.mrk.json,1e-06,47,7.136434599447353e-06
Nimbo_f2_fishy_000145,145,0.1793928721548653,0.6936600598056126,0.9324092492801892,4,-0.0681198535457684,0.0284951328292868,-0.0001971421688286,0.6806683562155529,0.9414308773109116,-0.053508792206622,0.4230521972416646,0.9650226678184982,0,0.0051314596019619,0.9185976283169064,-0.0525067386795551,-0.0168734152668591,2,/mnt/data/ml_data/color-modeling-pub/3D_Fish (Copy)/3D_Fish/Downsampled_decimate/Models/Nimbo_f2.obj,/mnt/data/ml_data/color-modeling-pub/3D_Fish (Copy)/3D_Fish/LMS/Nimbo_f2.mrk.json,1e-06,47,7.136434599447353e-06
Nimbo_f2_fishy_000147,147,0.1431699634895479,0.63695281459216,0.9420053792360557,5,-0.0729389116289315,0.0242001543883246,-0.0128543352001726,0.6814908577382329,0.9681943894706764,0.0117463193341654,0.3640833782353517,0.9481809895568254,1,0.9840628103176552,0.962292291421266,-0.0484685490395989,0.0489868356237526,2,/mnt/data/ml_data/color-modeling-pub/3D_Fish (Copy)/3D_Fish/Downsampled_decimate/Models/Nimbo_f2.obj,/mnt/data/ml_data/color-modeling-pub/3D_Fish (Copy)/3D_Fish/LMS/Nimbo_f2.mrk.json,1e-06,47,7.136434599447353e-06
Nimbo_f2_fishy_000152,152,0.1895950264373457,0.6275277073972517,1.0,4,-0.0762672185252693,0.0302547046948337,0.0037954999899595,0.5390629610932303,0.8639423551649251,-0.0535616742836017,0.4014877144419951,1.0,0,0.0042722071482824,0.9599480315389094,-0.0412052320550779,0.0333719106196582,2,/mnt/data/ml_data/color-modeling-pub/3D_Fish (Copy)/3D_Fish/Downsampled_decimate/Models/Nimbo_f2.obj,/mnt/data/ml_data/color-modeling-pub/3D_Fish (Copy)/3D_Fish/LMS/Nimbo_f2.mrk.json,1e-06,47,7.136434599447353e-06
Nimbo_f2_fishy_000157,157,0.178170939808349,0.638016193235669,0.9173618980812192,4,-0.0847317365706011,0.0261793778562505,0.003040340384505,0.5580289054684275,0.8133431864787297,0.033298039009572,0.3611198359508515,0.9711623532213648,0,0.9950030583298056,0.9733842032290924,0.0653936054609485,0.0115919933322821,2,/mnt/data/ml_data/color-modeling-pub/3D_Fish (Copy)/3D_Fish/Downsampled_decimate/Models/Nimbo_f2.obj,/mnt/data/ml_data/color-modeling-pub/3D_Fish (Copy)/3D_Fish/LMS/Nimbo_f2.mrk.json,1e-06,47,7.136434599447353e-06
Nimbo_f2_fishy_000167,167,0.148012997406433,0.7184580781477851,1.0,4,-0.0979163984584533,0.030401301445985,0.0035461982589794,0.5573006822541571,0.9238428337703224,-0.0313132823929065,0.3791450076474302,0.9289901609231896,0,0.0103404271012106,0.9645720988570422,0.0202400882760569,-0.0396813672792109,2,/mnt/data/ml_data/color-modeling-pub/3D_Fish (Copy)/3D_Fish/Downsampled_decimate/Models/Nimbo_f2.obj,/mnt/data/ml_data/color-modeling-pub/3D_Fish (Copy)/3D_Fish/LMS/Nimbo_f2.mrk.json,1e-06,47,7.136434599447353e-06
Nimbo_f2_fishy_000170,170,0.1712368192867601,0.6903251164546242,1.0,4,-0.0802981968266643,0.02545810422099,0.0065301596886634,0.6792275323168921,0.9229780454699036,0.0273027314133237,0.369012041123578,0.9905915997424268,1,0.9832641897498272,0.9258591678434814,-0.0015592081615436,0.0369683080260933,2,/mnt/data/ml_data/color-modeling-pub/3D_Fish (Copy)/3D_Fish/Downsampled_decimate/Models/Nimbo_f2.obj,/mnt/data/ml_data/color-modeling-pub/3D_Fish (Copy)/3D_Fish/LMS/Nimbo_f2.mrk.json,1e-06,47,7.136434599447353e-06
Nimbo_f2_fishy_000176,176,0.2036971609865288,0.643635168280135,0.9595036292899896,4,-0.06743316311195,0.0280089262047703,-0.0176722593651574,0.5799613901756215,0.9658232698508252,0.0476955861494171,0.3812964147927612,0.9030668952895058,0,0.9974899970607708,1.0,0.0645082114215644,0.0875565458761506,2,/mnt/data/ml_data/color-modeling-pub/3D_Fish (Copy)/3D_Fish/Downsampled_decimate/Models/Nimbo_f2.obj,/mnt/data/ml_data/color-modeling-pub/3D_Fish (Copy)/3D_Fish/LMS/Nimbo_f2.mrk.json,1e-06,47,7.136434599447353e-06
Nimbo_f2_fishy_000184,184,0.1745117034660835,0.6660406928136361,1.0,5,-0.0668393285888754,0.0238090682442148,-0.0083426709757561,0.711183676711938,0.994953281426433,0.0047370977130655,0.3978562970994163,0.918155568843526,0,0.0111456403342076,0.9451078020239118,0.0338524834994371,0.0348135883849433,2,/mnt/data/ml_data/color-modeling-pub/3D_Fish (Copy)/3D_Fish/Downsampled_decimate/Models/Nimbo_f2.obj,/mnt/data/ml_data/color-modeling-pub/3D_Fish (Copy)/3D_Fish/LMS/Nimbo_f2.mrk.json,1e-06,47,7.136434599447353e-06
Nimbo_f2_fishy_000186,186,0.1594914623145411,0.6385987027745627,1.0,4,-0.0729102676172414,0.0159608248026333,-0.0013008203840337,0.6949927301097242,0.9241168000572708,0.0240552079356452,0.423151697223273,0.9958939764112766,1,0.0166306422664594,0.9424029641837252,-0.0150883094119388,-0.0649455019161685,2,/mnt/data/ml_data/color-modeling-pub/3D_Fish (Copy)/3D_Fish/Downsampled_decimate/Models/Nimbo_f2.obj,/mnt/data/ml_data/color-modeling-pub/3D_Fish (Copy)/3D_Fish/LMS/Nimbo_f2.mrk.json,1e-06,47,7.136434599447353e-06
Nimbo_f2_fishy_000190,190,0.1440588565316675,0.6596650187029154,1.0,4,-0.0781113542158223,0.026184310601176,-0.0117671695488734,0.5451342334040788,0.9315386471726016,-0.0253005640669494,0.4161084911005548,0.9278243384738208,0,0.9877033619769664,0.9891443904791652,0.0391589141324595,-0.0107336914307266,2,/mnt/data/ml_data/color-modeling-pub/3D_Fish (Copy)/3D_Fish/Downsampled_decimate/Models/Nimbo_f2.obj,/mnt/data/ml_data/color-modeling-pub/3D_Fish (Copy)/3D_Fish/LMS/Nimbo_f2.mrk.json,1e-06,47,7.136434599447353e-06
Nimbo_f2_fishy_000197,197,0.1603935756059901,0.6830548422363146,1.0,5,-0.0534287102499562,0.0216583127311343,-0.0162124471978095,0.7031914919966507,0.9223840844326134,0.0015023248329572,0.4240786105540511,1.0,1,0.9965822407208662,0.9455852522773976,0.0027810580257682,-0.0046126042695202,2,/mnt/data/ml_data/color-modeling-pub/3D_Fish (Copy)/3D_Fish/Downsampled_decimate/Models/Nimbo_f2.obj,/mnt/data/ml_data/color-modeling-pub/3D_Fish (Copy)/3D_Fish/LMS/Nimbo_f2.mrk.json,1e-06,47,7.136434599447353e-06
Nimbo_f2_fishy_000199,199,0.1839396639500416,0.682162327242029,1.0,5,-0.0852448321442864,0.0135953429943934,0.0059187792745148,0.5991282506493897,1.0,-0.1034634483733538,0.3702030383765051,0.9398460646109912,0,0.9970260768479892,1.0,-0.0499255489238205,0.0907319534155049,2,/mnt/data/ml_data/color-modeling-pub/3D_Fish (Copy)/3D_Fish/Downsampled_decimate/Models/Nimbo_f2.obj,/mnt/data/ml_data/color-modeling-pub/3D_Fish (Copy)/3D_Fish/LMS/Nimbo_f2.mrk.json,1e-06,47,7.136434599447353e-06
Nimbo_f2_fishy_000203,203,0.2010636515207875,0.6077260116766902,1.0,4,-0.0604357973733533,0.0288039935285232,-0.0056491835195386,0.6909975186351699,0.967105137610194,-0.0179858537432446,0.3622072380536836,0.9833986186107349,0,0.0136552136478296,0.9775771679108274,0.0324804891017555,-0.0216192036526807,2,/mnt/data/ml_data/color-modeling-pub/3D_Fish (Copy)/3D_Fish/Downsampled_decimate/Models/Nimbo_f2.obj,/mnt/data/ml_data/color-modeling-pub/3D_Fish (Copy)/3D_Fish/LMS/Nimbo_f2.mrk.json,1e-06,47,7.136434599447353e-06
Nimbo_f2_fishy_000217,217,0.1952053087825178,0.6570142701938153,1.0,4,-0.0733718200842139,0.0222314589956918,-0.0002901684832728,0.5683765887324221,1.0,-0.0127430427137568,0.3671124542106884,0.9864399327430068,0,0.0149420521606204,1.0,0.0100527726509677,0.0986115764172302,2,/mnt/data/ml_data/color-modeling-pub/3D_Fish (Copy)/3D_Fish/Downsampled_decimate/Models/Nimbo_f2.obj,/mnt/data/ml_data/color-modeling-pub/3D_Fish (Copy)/3D_Fish/LMS/Nimbo_f2.mrk.json,1e-06,47,7.136434599447353e-06
Nimbo_f2_fishy_000220,220,0.1957929231064537,0.6726532884344258,1.0,4,-0.0829183305748801,0.0266490090667153,-0.0070158609335673,0.5657311005459056,0.9565074000625118,-0.0299759500755132,0.3609604700517487,0.9530493527106858,1,0.0271506126682984,0.8779799833534987,-0.0506916574479627,0.0703378969035652,2,/mnt/data/ml_data/color-modeling-pub/3D_Fish (Copy)/3D_Fish/Downsampled_decimate/Models/Nimbo_f2.obj,/mnt/data/ml_data/color-modeling-pub/3D_Fish (Copy)/3D_Fish/LMS/Nimbo_f2.mrk.json,1e-06,47,7.136434599447353e-06
Nimbo_f2_fishy_000223,223,0.1846004482160906,0.7440771246322864,1.0,4,-0.0663012132228594,0.0378187189181693,0.0022491095777646,0.7134344824352458,0.9686953289228524,-0.0237550618738538,0.3694710332478144,1.0,0,0.0013440978621776,0.8455489508493933,0.0086538339574471,0.121922497743455,2,/mnt/data/ml_data/color-modeling-pub/3D_Fish (Copy)/3D_Fish/Downsampled_decimate/Models/Nimbo_f2.obj,/mnt/data/ml_data/color-modeling-pub/3D_Fish (Copy)/3D_Fish/LMS/Nimbo_f2.mrk.json,1e-06,47,7.136434599447353e-06
Nimbo_f2_fishy_000224,224,0.2033545846882814,0.7422799530096479,1.0,5,-0.0829412844600914,0.0228342355256608,0.0061331162028661,0.5800864764823427,0.936452824616132,0.1253084890839533,0.400057688475015,0.9739051654828524,0,0.9950176471127324,0.9119400086272912,0.130865757583601,-0.0529304905301694,2,/mnt/data/ml_data/color-modeling-pub/3D_Fish (Copy)/3D_Fish/Downsampled_decimate/Models/Nimbo_f2.obj,/mnt/data/ml_data/color-modeling-pub/3D_Fish (Copy)/3D_Fish/LMS/Nimbo_f2.mrk.json,1e-06,47,7.136434599447353e-06
Nimbo_f2_fishy_000227,227,0.1830289238520191,0.7200926528015172,0.9909796294935012,4,-0.0726547557504427,0.0286960537366333,-0.010637825757542,0.7122438373174023,0.8681894375840911,-0.0365012487282624,0.361223436830794,0.9575962393983812,1,0.983996387927446,0.9822962121408354,0.0068245202920155,0.0244995703192608,2,/mnt/data/ml_data/color-modeling-pub/3D_Fish (Copy)/3D_Fish/Downsampled_decimate/Models/Nimbo_f2.obj,/mnt/data/ml_data/color-modeling-pub/3D_Fish (Copy)/3D_Fish/LMS/Nimbo_f2.mrk.json,1e-06,47,7.136434599447353e-06
Nimbo_f2_fishy_000228,228,0.2153694243219038,0.7689078721990246,0.9160854664475282,4,-0.0650211159361073,0.0256911357067189,-0.016763112522629,0.6789874616569007,0.8929758046546928,-0.0091919606783234,0.3941754314811429,1.0,0,0.9919588419637404,0.959264532684788,0.0516890504724837,0.0220942370749201,2,/mnt/data/ml_data/color-modeling-pub/3D_Fish (Copy)/3D_Fish/Downsampled_decimate/Models/Nimbo_f2.obj,/mnt/data/ml_data/color-modeling-pub/3D_Fish (Copy)/3D_Fish/LMS/Nimbo_f2.mrk.json,1e-06,47,7.136434599447353e-06
Nimbo_f2_fishy_000230,230,0.1579694885671466,0.7429633585449932,0.9747311024667008,4,-0.0768743931432038,0.0205168993556533,0.001400218827579,0.6906470808391106,0.8974224001230495,0.0238673853757725,0.4090204470054884,0.9779305728447796,0,0.012105714561807,0.9276373754723596,0.0466668899358807,0.0160369038467888,2,/mnt/data/ml_data/color-modeling-pub/3D_Fish (Copy)/3D_Fish/Downsampled_decimate/Models/Nimbo_f2.obj,/mnt/data/ml_data/color-modeling-pub/3D_Fish (Copy)/3D_Fish/LMS/Nimbo_f2.mrk.json,1e-06,47,7.136434599447353e-06
Nimbo_f2_fishy_000236,236,0.161143080353653,0.7385039933430027,1.0,4,-0.1012687983802964,0.0283514253581172,0.0131905282023851,0.6865078970002385,0.9085166914001692,-0.0668043094638707,0.4136311404359706,0.9495938573684636,0,0.0087873841505027,0.9452050920807936,-0.0111202516614494,-0.0179980617738766,2,/mnt/data/ml_data/color-modeling-pub/3D_Fish (Copy)/3D_Fish/Downsampled_decimate/Models/Nimbo_f2.obj,/mnt/data/ml_data/color-modeling-pub/3D_Fish (Copy)/3D_Fish/LMS/Nimbo_f2.mrk.json,1e-06,47,7.136434599447353e-06
Nimbo_f2_fishy_000243,243,0.2033925178357896,0.7694316227512732,1.0,4,-0.0804079974303212,0.0208104478046239,0.0044079051349173,0.5826194931720845,0.9655102406279168,-0.0098465081491071,0.3552735664441397,0.8292166373909181,1,0.0106932766911204,0.9439374417793348,-0.0156569294796011,-0.0053858901289476,2,/mnt/data/ml_data/color-modeling-pub/3D_Fish (Copy)/3D_Fish/Downsampled_decimate/Models/Nimbo_f2.obj,/mnt/data/ml_data/color-modeling-pub/3D_Fish (Copy)/3D_Fish/LMS/Nimbo_f2.mrk.json,1e-06,47,7.136434599447353e-06
Nimbo_f2_fishy_000247,247,0.2092299291879708,0.702423577577886,0.950131002009169,4,-0.0717688018007199,0.0227920682408297,0.0039484245769106,0.69810027414427,0.9295389740722392,-0.0514654279529416,0.4032707267283942,0.9332054404186416,1,0.9887057682223904,0.9606248556690978,-0.0223935070064446,0.0083700811354869,2,/mnt/data/ml_data/color-modeling-pub/3D_Fish (Copy)/3D_Fish/Downsampled_decimate/Models/Nimbo_f2.obj,/mnt/data/ml_data/color-modeling-pub/3D_Fish (Copy)/3D_Fish/LMS/Nimbo_f2.mrk.json,1e-06,47,7.136434599447353e-06
yellowhead_m1_fishy_000018,18,0.1807069230474165,0.7018901329094045,1.0,4,-0.1048155857493315,0.0236258536484525,-0.0070697483596784,0.5861449795819744,0.942133308289801,-0.0243814961594413,0.3920354706196181,1.0,1,0.9909284289049276,0.9601905750826324,0.0320221304493138,-0.0063584415251279,3,/mnt/data/ml_data/color-modeling-pub/3D_Fish (Copy)/3D_Fish/Downsampled_decimate/Models/yellowhead_m1.obj,/mnt/data/ml_data/color-modeling-pub/3D_Fish (Copy)/3D_Fish/LMS/yellowhead_m1.mrk.json,1e-06,47,5.01702986937924e-06
yellowhead_m1_fishy_000021,21,0.1508609589450201,0.6661506219590142,1.0,5,-0.0627896886333996,0.0179014242582679,-0.0027561507428716,0.5496409600852501,0.944958381344396,0.0789408776857397,0.3370663284689241,0.9538064698176272,1,0.0106100909464319,1.0,0.050780404079303,-0.0503989588479843,3,/mnt/data/ml_data/color-modeling-pub/3D_Fish (Copy)/3D_Fish/Downsampled_decimate/Models/yellowhead_m1.obj,/mnt/data/ml_data/color-modeling-pub/3D_Fish (Copy)/3D_Fish/LMS/yellowhead_m1.mrk.json,1e-06,47,5.01702986937924e-06
yellowhead_m1_fishy_000027,27,0.1754312886265303,0.6573162480543631,1.0,4,-0.0860671338897067,0.0256369791803095,0.0205771386986071,0.7045839684265887,0.9715774592993462,0.0076107712120621,0.4087155019066419,0.9929170873978632,0,0.9922067968163876,1.0,-0.0631059509808571,-0.0964105084382002,3,/mnt/data/ml_data/color-modeling-pub/3D_Fish (Copy)/3D_Fish/Downsampled_decimate/Models/yellowhead_m1.obj,/mnt/data/ml_data/color-modeling-pub/3D_Fish (Copy)/3D_Fish/LMS/yellowhead_m1.mrk.json,1e-06,47,5.01702986937924e-06
yellowhead_m1_fishy_000032,32,0.1511324456695768,0.7367879145853498,0.957747857932714,5,-0.0935360180054089,0.0187106881396422,-0.0048264892379747,0.7068830357593106,0.8872588037913737,0.0495413476531763,0.4291757322541532,0.9558796236688878,1,0.9750217806289804,0.9771754939428122,-0.0293211133649236,-0.0219880782555105,3,/mnt/data/ml_data/color-modeling-pub/3D_Fish (Copy)/3D_Fish/Downsampled_decimate/Models/yellowhead_m1.obj,/mnt/data/ml_data/color-modeling-pub/3D_Fish (Copy)/3D_Fish/LMS/yellowhead_m1.mrk.json,1e-06,47,5.01702986937924e-06
yellowhead_m1_fishy_000044,44,0.1953714166057609,0.7404929443387528,0.9497368127108776,4,-0.0759474496977485,0.0222728946828061,-0.0194405127413936,0.6773780472293395,0.9898718016531484,0.0786374527130929,0.3885045971032274,1.0,0,0.9894876576951714,0.9015492394119003,0.1033773111084734,0.0801113560584552,3,/mnt/data/ml_data/color-modeling-pub/3D_Fish (Copy)/3D_Fish/Downsampled_decimate/Models/yellowhead_m1.obj,/mnt/data/ml_data/color-modeling-pub/3D_Fish (Copy)/3D_Fish/LMS/yellowhead_m1.mrk.json,1e-06,47,5.01702986937924e-06
yellowhead_m1_fishy_000052,52,0.1798577175199175,0.7041156479967965,0.9627555854234848,4,-0.0844012487775369,0.0366915241079906,0.0158004957034378,0.5988404696049638,0.9255775477396212,-0.006460556735829,0.3578077777780009,0.967476753149028,1,0.0106450150189044,0.9760272530715826,0.0776554395255056,0.0214740785313699,3,/mnt/data/ml_data/color-modeling-pub/3D_Fish (Copy)/3D_Fish/Downsampled_decimate/Models/yellowhead_m1.obj,/mnt/data/ml_data/color-modeling-pub/3D_Fish (Copy)/3D_Fish/LMS/yellowhead_m1.mrk.json,1e-06,47,5.01702986937924e-06
yellowhead_m1_fishy_000059,59,0.1787432232230077,0.7001734813209597,0.9052784535224938,4,-0.0796143111139194,0.0219829394915598,-0.0277557777820111,0.7073264137917072,1.0,-0.0817938162729021,0.3944260153180586,1.0,0,0.9976893512324178,0.9052384828895128,0.0741541303188113,0.0234766018823245,3,/mnt/data/ml_data/color-modeling-pub/3D_Fish (Copy)/3D_Fish/Downsampled_decimate/Models/yellowhead_m1.obj,/mnt/data/ml_data/color-modeling-pub/3D_Fish (Copy)/3D_Fish/LMS/yellowhead_m1.mrk.json,1e-06,47,5.01702986937924e-06
yellowhead_m1_fishy_000060,60,0.1829683933850989,0.7145839901516707,1.0,5,-0.0790459436636384,0.0335313541513851,-0.0059979409115688,0.5681294288625556,0.9532868263848088,0.0198482521099774,0.3763799465900015,0.9423834302173172,1,0.9940374870035104,0.9462417530293112,0.0310467582428139,-0.0014873398899214,3,/mnt/data/ml_data/color-modeling-pub/3D_Fish (Copy)/3D_Fish/Downsampled_decimate/Models/yellowhead_m1.obj,/mnt/data/ml_data/color-modeling-pub/3D_Fish (Copy)/3D_Fish/LMS/yellowhead_m1.mrk.json,1e-06,47,5.01702986937924e-06
yellowhead_m1_fishy_000064,64,0.181739212706495,0.730872850427182,0.986294058392311,4,-0.065924057430714,0.0271121021644058,-0.0070019231541803,0.679026102267749,0.9600474993023836,-0.0532409601181416,0.3662936548869741,1.0,0,0.9805688944939348,1.0,-0.0195712512695558,-0.0158951678396576,3,/mnt/data/ml_data/color-modeling-pub/3D_Fish (Copy)/3D_Fish/Downsampled_decimate/Models/yellowhead_m1.obj,/mnt/data/ml_data/color-modeling-pub/3D_Fish (Copy)/3D_Fish/LMS/yellowhead_m1.mrk.json,1e-06,47,5.01702986937924e-06
yellowhead_m1_fishy_000067,67,0.1540225271691643,0.6597372693798851,1.0,5,-0.074458931190702,0.020780829145047,-0.0060904337420928,0.6915144573129878,0.9183670424225534,-0.0253931032886028,0.3742840806013855,0.9969113701761304,1,0.0089341018348733,1.0,-0.0594617103326112,-0.0450519918743082,3,/mnt/data/ml_data/color-modeling-pub/3D_Fish (Copy)/3D_Fish/Downsampled_decimate/Models/yellowhead_m1.obj,/mnt/data/ml_data/color-modeling-pub/3D_Fish (Copy)/3D_Fish/LMS/yellowhead_m1.mrk.json,1e-06,47,5.01702986937924e-06
yellowhead_m1_fishy_000085,85,0.1894120568852689,0.6678009381520201,1.0,4,-0.0677500156016241,0.0217912225648787,-0.0139124251055406,0.5598213063463281,0.9250735889420884,-0.0274668713405832,0.4146769475806428,0.958748278550968,1,0.9868533562671954,0.9409392448017846,-0.0486847897467821,-0.0347865989137952,3,/mnt/data/ml_data/color-modeling-pub/3D_Fish (Copy)/3D_Fish/Downsampled_decimate/Models/yellowhead_m1.obj,/mnt/data/ml_data/color-modeling-pub/3D_Fish (Copy)/3D_Fish/LMS/yellowhead_m1.mrk.json,1e-06,47,5.01702986937924e-06
yellowhead_m1_fishy_000086,86,0.1534461918368956,0.7596821302119467,1.0,4,-0.0738751680559036,0.0251712200612473,-0.0028773272288579,0.6713830400245973,0.8666866074747113,0.0385201414754631,0.3588376485639109,0.9126143467491784,0,0.0018097433027887,0.8903280296624699,0.0536206016404886,-0.0421857730500357,3,/mnt/data/ml_data/color-modeling-pub/3D_Fish (Copy)/3D_Fish/Downsampled_decimate/Models/yellowhead_m1.obj,/mnt/data/ml_data/color-modeling-pub/3D_Fish (Copy)/3D_Fish/LMS/yellowhead_m1.mrk.json,1e-06,47,5.01702986937924e-06
yellowhead_m1_fishy_000088,88,0.1497445219165024,0.7618487427197791,1.0,4,-0.0776420979434277,0.0266094067797172,-0.0033377422225587,0.6973329393365308,0.967976338066442,-0.0155612554574886,0.421585326600341,0.9486936164987252,1,0.0053819242459106,0.9387382841498328,-0.0384875656972502,0.0512504944285913,3,/mnt/data/ml_data/color-modeling-pub/3D_Fish (Copy)/3D_Fish/Downsampled_decimate/Models/yellowhead_m1.obj,/mnt/data/ml_data/color-modeling-pub/3D_Fish (Copy)/3D_Fish/LMS/yellowhead_m1.mrk.json,1e-06,47,5.01702986937924e-06
yellowhead_m1_fishy_000095,95,0.1986629627008131,0.7233919613517249,1.0,4,-0.0908139585278096,0.0190010451698743,-0.011374970476767,0.5617110364595432,0.9643919716449908,-0.0266497812710901,0.416607837989764,0.9399638366475924,1,0.0280946783283741,0.8797765892627613,0.0121954450118994,0.0262410449013214,3,/mnt/data/ml_data/color-modeling-pub/3D_Fish (Copy)/3D_Fish/Downsampled_decimate/Models/yellowhead_m1.obj,/mnt/data/ml_data/color-modeling-pub/3D_Fish (Copy)/3D_Fish/LMS/yellowhead_m1.mrk.json,1e-06,47,5.01702986937924e-06
yellowhead_m1_fishy_000097,97,0.1854803059375236,0.6877133077029898,1.0,4,-0.075884787690153,0.0224206302706961,-0.0140084260478132,0.6840957856555137,0.917956457094663,-0.045429516092862,0.347622829384177,0.9800488240578292,1,0.0299238874591297,0.9838606231096014,-0.011106612291884,-0.0061505913162841,3,/mnt/data/ml_data/color-modeling-pub/3D_Fish (Copy)/3D_Fish/Downsampled_decimate/Models/yellowhead_m1.obj,/mnt/data/ml_data/color-modeling-pub/3D_Fish (Copy)/3D_Fish/LMS/yellowhead_m1.mrk.json,1e-06,47,5.01702986937924e-06
yellowhead_m1_fishy_000113,113,0.1829822582438088,0.7016654503680236,1.0,4,-0.0810219639544348,0.017815903009625,0.0103718651081272,0.5805154753055777,0.8941671844952399,0.0593737183625079,0.3888159577148722,1.0,1,0.0018657966483642,0.9398623541411844,-0.0340126076937992,-0.0257625138106786,3,/mnt/data/ml_data/color-modeling-pub/3D_Fish (Copy)/3D_Fish/Downsampled_decimate/Models/yellowhead_m1.obj,/mnt/data/ml_data/color-modeling-pub/3D_Fish (Copy)/3D_Fish/LMS/yellowhead_m1.mrk.json,1e-06,47,5.01702986937924e-06
yellowhead_m1_fishy_000116,116,0.1596138765256825,0.7143079621226797,0.9838566082821432,4,-0.0863633541893874,0.025790442730929,0.0146983349861199,0.6888992926806652,0.9355509337512042,-0.0409236896506759,0.3988276054102172,0.8887307529804058,0,0.977496511577176,0.9857571734807108,0.0526623661879715,0.0017759336820651,3,/mnt/data/ml_data/color-modeling-pub/3D_Fish (Copy)/3D_Fish/Downsampled_decimate/Models/yellowhead_m1.obj,/mnt/data/ml_data/color-modeling-pub/3D_Fish (Copy)/3D_Fish/LMS/yellowhead_m1.mrk.json,1e-06,47,5.01702986937924e-06
yellowhead_m1_fishy_000123,123,0.1831666602520647,0.7080345253753912,0.9628153820887542,5,-0.0650305703613234,0.0238718100715319,-0.0001927347291735,0.5701715918982151,1.0,0.03234144839094,0.4211159331392335,0.9801222051819818,0,0.9750001898814952,1.0,0.0215444578643409,0.0635303103565264,3,/mnt/data/ml_data/color-modeling-pub/3D_Fish (Copy)/3D_Fish/Downsampled_decimate/Models/yellowhead_m1.obj,/mnt/data/ml_data/color-modeling-pub/3D_Fish (Copy)/3D_Fish/LMS/yellowhead_m1.mrk.json,1e-06,47,5.01702986937924e-06
yellowhead_m1_fishy_000133,133,0.1649771030379875,0.6624854402533152,1.0,4,-0.0633070808972089,0.0276096924044901,0.0221876681922587,0.7032156427592517,0.9631580081530098,0.075785794534551,0.4060067628269043,1.0,1,0.9826302551851586,0.9163524220673034,0.0114641021310372,-0.0423173408837049,3,/mnt/data/ml_data/color-modeling-pub/3D_Fish (Copy)/3D_Fish/Downsampled_decimate/Models/yellowhead_m1.obj,/mnt/data/ml_data/color-modeling-pub/3D_Fish (Copy)/3D_Fish/LMS/yellowhead_m1.mrk.json,1e-06,47,5.01702986937924e-06
yellowhead_m1_fishy_000134,134,0.1853271665699759,0.7745949513389675,0.9153463280597476,4,-0.0667418060028383,0.017149089856788,0.005421349532726,0.5675196278733263,0.9458797969379542,-0.0213292237081677,0.4088476061410085,1.0,0,0.9999910594482936,0.8968272416364705,-0.0534684456416026,0.01475544226917,3,/mnt/data/ml_data/color-modeling-pub/3D_Fish (Copy)/3D_Fish/Downsampled_decimate/Models/yellowhead_m1.obj,/mnt/data/ml_data/color-modeling-pub/3D_Fish (Copy)/3D_Fish/LMS/yellowhead_m1.mrk.json,1e-06,47,5.01702986937924e-06
yellowhead_m1_fishy_000135,135,0.1831857707753895,0.7119327875888035,0.9823890973046452,4,-0.0873241477256503,0.027089941313375,0.0030637350799379,0.6893654721687132,0.963376378353081,-0.0111946340262307,0.3437564240474349,0.9050734781193552,0,0.0123127154069454,0.9258969597419628,-0.015716755952283,-0.0216426168117421,3,/mnt/data/ml_data/color-modeling-pub/3D_Fish (Copy)/3D_Fish/Downsampled_decimate/Models/yellowhead_m1.obj,/mnt/data/ml_data/color-modeling-pub/3D_Fish (Copy)/3D_Fish/LMS/yellowhead_m1.mrk.json,1e-06,47,5.01702986937924e-06
yellowhead_m1_fishy_000136,136,0.1977449333674037,0.7091170042893691,1.0,4,-0.0938180277997667,0.0223148862744642,-0.0111679546593207,0.705843143699203,0.9413724252816876,0.0600811166116363,0.3599392884177431,0.9365294166868072,0,0.9912355651747836,0.9239661548861504,0.0354529233026129,-0.0544969462069478,3,/mnt/data/ml_data/color-modeling-pub/3D_Fish (Copy)/3D_Fish/Downsampled_decimate/Models/yellowhead_m1.obj,/mnt/data/ml_data/color-modeling-pub/3D_Fish (Copy)/3D_Fish/LMS/yellowhead_m1.mrk.json,1e-06,47,5.01702986937924e-06
yellowhead_m1_fishy_000150,150,0.1726111274635855,0.7537104195496411,0.9550795860383834,4,-0.0843800291131721,0.0255087210078888,0.018762725971847,0.586309860895371,0.999709080065564,0.0403419630682498,0.400567399182365,0.8601085050164335,1,0.0258188168037444,0.9205322920551846,-0.1082536863400496,0.0017507564455879,3,/mnt/data/ml_data/color-modeling-pub/3D_Fish (Copy)/3D_Fish/Downsampled_decimate/Models/yellowhead_m1.obj,/mnt/data/ml_data/color-modeling-pub/3D_Fish (Copy)/3D_Fish/LMS/yellowhead_m1.mrk.json,1e-06,47,5.01702986937924e-06
yellowhead_m1_fishy_000155,155,0.1784880059086416,0.6648715737752195,1.0,4,-0.0598739095610589,0.0238700588162624,0.0019353005291816,0.6705133835845359,0.8740601381203233,0.0638770720284649,0.3467350207480644,0.9973452230905858,1,0.0458740683445004,0.9858100969809452,0.0588702450742304,-0.0145169473339624,3,/mnt/data/ml_data/color-modeling-pub/3D_Fish (Copy)/3D_Fish/Downsampled_decimate/Models/yellowhead_m1.obj,/mnt/data/ml_data/color-modeling-pub/3D_Fish (Copy)/3D_Fish/LMS/yellowhead_m1.mrk.json,1e-06,47,5.01702986937924e-06
yellowhead_m1_fishy_000162,162,0.1772953434131543,0.6962092838840714,1.0,4,-0.0666160468822815,0.0257079720085541,0.0142844418275417,0.5446370237596885,0.9467751631303888,-0.0702205926995477,0.4066825467159731,0.8790496806819681,1,0.0163401200025199,0.9491103322975776,-0.0026372102774131,0.0004800737327991,3,/mnt/data/ml_data/color-modeling-pub/3D_Fish (Copy)/3D_Fish/Downsampled_decimate/Models/yellowhead_m1.obj,/mnt/data/ml_data/color-modeling-pub/3D_Fish (Copy)/3D_Fish/LMS/yellowhead_m1.mrk.json,1e-06,47,5.01702986937924e-06
yellowhead_m1_fishy_000172,172,0.1778392276298013,0.6398489598496637,0.9044259268706246,4,-0.0867599735261884,0.0263648076563989,-0.0118003652380573,0.5764163152653657,1.0,0.0099227624152596,0.4269444952112086,0.9384598615031288,0,0.0067281990083963,0.9288791799873684,0.0348343076051062,-0.0131108366116046,3,/mnt/data/ml_data/color-modeling-pub/3D_Fish (Copy)/3D_Fish/Downsampled_decimate/Models/yellowhead_m1.obj,/mnt/data/ml_data/color-modeling-pub/3D_Fish (Copy)/3D_Fish/LMS/yellowhead_m1.mrk.json,1e-06,47,5.01702986937924e-06
yellowhead_m1_fishy_000174,174,0.1770904616708103,0.7201378361900532,0.9697805543885534,4,-0.0886171675458798,0.029068714283534,-0.0013654535652991,0.5441608553445515,0.9877836495916614,-0.0062674025229358,0.3278451763562545,0.9015637498646392,0,0.0293701116652616,0.936278879307014,0.0175767669998303,-0.0620070379680853,3,/mnt/data/ml_data/color-modeling-pub/3D_Fish (Copy)/3D_Fish/Downsampled_decimate/Models/yellowhead_m1.obj,/mnt/data/ml_data/color-modeling-pub/3D_Fish (Copy)/3D_Fish/LMS/yellowhead_m1.mrk.json,1e-06,47,5.01702986937924e-06
yellowhead_m1_fishy_000188,188,0.1789409014489903,0.6712495394846145,0.9867200658365765,5,-0.0648874685176717,0.0261966304548042,-0.0014585616096442,0.6858134633668065,0.9804983874589006,0.0003117152605529,0.3658515195434481,0.9665193029479858,0,0.9864475412749116,0.924651842479826,-0.009071324489711,0.0579733256067619,3,/mnt/data/ml_data/color-modeling-pub/3D_Fish (Copy)/3D_Fish/Downsampled_decimate/Models/yellowhead_m1.obj,/mnt/data/ml_data/color-modeling-pub/3D_Fish (Copy)/3D_Fish/LMS/yellowhead_m1.mrk.json,1e-06,47,5.01702986937924e-06
yellowhead_m1_fishy_000191,191,0.1966985623039518,0.663937966202342,0.9503303174397688,4,-0.0808846072165856,0.0289082087587109,0.0099129229555565,0.5712813125943793,0.9377247903710416,0.0033740212707967,0.4079938528569646,0.8878893428715042,1,0.0160538144912154,0.8530063270443692,-0.0977596730224002,-0.1545916066517123,3,/mnt/data/ml_data/color-modeling-pub/3D_Fish (Copy)/3D_Fish/Downsampled_decimate/Models/yellowhead_m1.obj,/mnt/data/ml_data/color-modeling-pub/3D_Fish (Copy)/3D_Fish/LMS/yellowhead_m1.mrk.json,1e-06,47,5.01702986937924e-06
yellowhead_m1_fishy_000209,209,0.1730942656461252,0.7548288431654168,0.9588411973292528,5,-0.0657778450186868,0.0223604810769411,0.0087969298676728,0.5726550681622312,0.9460388962913784,-0.0627253377450792,0.3783527033792361,0.8945152906381795,1,0.9843781990020604,1.0,-0.0588630119309683,0.0255379280400818,3,/mnt/data/ml_data/color-modeling-pub/3D_Fish (Copy)/3D_Fish/Downsampled_decimate/Models/yellowhead_m1.obj,/mnt/data/ml_data/color-modeling-pub/3D_Fish (Copy)/3D_Fish/LMS/yellowhead_m1.mrk.json,1e-06,47,5.01702986937924e-06
yellowhead_m1_fishy_000211,211,0.1778933616968056,0.7084673133179591,1.0,4,-0.0615476985875671,0.0163728453427022,-0.0029175684867033,0.5880775358358784,1.0,-0.0731717672091389,0.4061544289976104,0.9573388356737907,1,0.0004925546812185,0.9650684527781144,0.0453782225290784,0.023974447068376,3,/mnt/data/ml_data/color-modeling-pub/3D_Fish (Copy)/3D_Fish/Downsampled_decimate/Models/yellowhead_m1.obj,/mnt/data/ml_data/color-modeling-pub/3D_Fish (Copy)/3D_Fish/LMS/yellowhead_m1.mrk.json,1e-06,47,5.01702986937924e-06
yellowhead_m1_fishy_000215,215,0.1969376540222328,0.6772626247936596,1.0,4,-0.0791552197267131,0.0236763240053066,0.0090985676917755,0.5601264355044052,0.8922462037125917,-0.0115449926361513,0.3807150140766336,1.0,1,0.993699804504286,0.9661679970595,0.0490700153030304,0.0138315171560516,3,/mnt/data/ml_data/color-modeling-pub/3D_Fish (Copy)/3D_Fish/Downsampled_decimate/Models/yellowhead_m1.obj,/mnt/data/ml_data/color-modeling-pub/3D_Fish (Copy)/3D_Fish/LMS/yellowhead_m1.mrk.json,1e-06,47,5.01702986937924e-06
yellowhead_m1_fishy_000219,219,0.1606999030122095,0.7225047173905516,1.0,4,-0.0844180829022772,0.0272577980843037,0.0007613774318029,0.6885809604819658,0.9764565037149292,-0.019188705529347,0.3993819872600614,0.9627387645855552,0,0.0198911991885199,0.8775646951661542,0.0150629498153181,0.0399210811395082,3,/mnt/data/ml_data/color-modeling-pub/3D_Fish (Copy)/3D_Fish/Downsampled_decimate/Models/yellowhead_m1.obj,/mnt/data/ml_data/color-modeling-pub/3D_Fish (Copy)/3D_Fish/LMS/yellowhead_m1.mrk.json,1e-06,47,5.01702986937924e-06
yellowhead_m1_fishy_000234,234,0.1785351307010515,0.7470011676663808,0.990047150330499,4,-0.0952518834832551,0.0220352532802196,0.0044092478692788,0.5833232272917497,0.9368494745020528,-0.0627829207265028,0.3575165621269892,1.0,1,0.9865339123001318,0.9847168713549616,-0.0644675078230463,-0.0370938131975566,3,/mnt/data/ml_data/color-modeling-pub/3D_Fish (Copy)/3D_Fish/Downsampled_decimate/Models/yellowhead_m1.obj,/mnt/data/ml_data/color-modeling-pub/3D_Fish (Copy)/3D_Fish/LMS/yellowhead_m1.mrk.json,1e-06,47,5.01702986937924e-06
yellowhead_m1_fishy_000238,238,0.1632418784651355,0.8400037183291698,1.0,4,-0.0715173369413998,0.029564029986994,0.027914554376838,0.5200654052336314,0.887717895139757,0.044410001475718,0.3842426594733816,0.9612386512772444,1,0.0194570241109286,0.920577439744729,-0.0454104101141851,-0.0056657338536259,3,/mnt/data/ml_data/color-modeling-pub/3D_Fish (Copy)/3D_Fish/Downsampled_decimate/Models/yellowhead_m1.obj,/mnt/data/ml_data/color-modeling-pub/3D_Fish (Copy)/3D_Fish/LMS/yellowhead_m1.mrk.json,1e-06,47,5.01702986937924e-06
yellowhead_m1_fishy_000246,246,0.1842478037530342,0.7612784778155874,0.9160568683481348,5,-0.0908548719820295,0.0217283729890215,-0.0260111087525768,0.5717660397294664,1.0,0.0147265503869407,0.361871631284447,0.9210754779264106,1,0.0003829064557562,0.9154456176218912,-0.0854836910740694,0.037256767164733,3,/mnt/data/ml_data/color-modeling-pub/3D_Fish (Copy)/3D_Fish/Downsampled_decimate/Models/yellowhead_m1.obj,/mnt/data/ml_data/color-modeling-pub/3D_Fish (Copy)/3D_Fish/LMS/yellowhead_m1.mrk.json,1e-06,47,5.01702986937924e-06
yellowhead_m1_fishy_000248,248,0.192923490347676,0.7226258779368735,1.0,5,-0.0864545557063549,0.0341415910868004,0.000672182593921,0.5690741992027739,0.9278792175153584,0.022525214947925,0.4214763892665472,0.8900975301163895,1,0.9875167443409714,0.958962592717852,-0.0554938138889394,-0.0962624426322953,3,/mnt/data/ml_data/color-modeling-pub/3D_Fish (Copy)/3D_Fish/Downsampled_decimate/Models/yellowhead_m1.obj,/mnt/data/ml_data/color-modeling-pub/3D_Fish (Copy)/3D_Fish/LMS/yellowhead_m1.mrk.json,1e-06,47,5.01702986937924e-06
yellowhead_m2_fishy_000005,5,0.182078549092074,0.6455748438124745,1.0,4,-0.067165679857797,0.0209565341072182,0.000346690298269,0.5491993317056738,0.9538595946747066,-0.0445915736414518,0.3547433453261046,0.998831907308178,1,0.010262066001493,1.0,0.0526929407328474,-0.0280383820460939,4,/mnt/data/ml_data/color-modeling-pub/3D_Fish (Copy)/3D_Fish/Downsampled_decimate/Models/yellowhead_m2.obj,/mnt/data/ml_data/color-modeling-pub/3D_Fish (Copy)/3D_Fish/LMS/yellowhead_m2.mrk.json,1e-06,46,7.678210719699387e-06
yellowhead_m2_fishy_000007,7,0.1820396342653394,0.6855640608110428,1.0,4,-0.0789693624385779,0.0211751542879703,-0.011351115474498,0.6883771180590317,0.941173896474218,0.1363041008357322,0.3961568609529234,0.9306537858838004,1,0.001284338032177,0.908706765998453,0.0782935756028557,0.0634654204701943,4,/mnt/data/ml_data/color-modeling-pub/3D_Fish (Copy)/3D_Fish/Downsampled_decimate/Models/yellowhead_m2.obj,/mnt/data/ml_data/color-modeling-pub/3D_Fish (Copy)/3D_Fish/LMS/yellowhead_m2.mrk.json,1e-06,46,7.678210719699387e-06
yellowhead_m2_fishy_000011,11,0.1746509961018695,0.7317254369443585,0.9986731132657812,5,-0.0860457967753687,0.0241002537067102,-0.003847197137431,0.5479513961786948,0.9412171951041776,0.0678307116478284,0.3507994000575405,0.9988993831819126,0,0.9894542620053576,0.9554043774785632,-0.0579767500089238,-0.017350197292936,4,/mnt/data/ml_data/color-modeling-pub/3D_Fish (Copy)/3D_Fish/Downsampled_decimate/Models/yellowhead_m2.obj,/mnt/data/ml_data/color-modeling-pub/3D_Fish (Copy)/3D_Fish/LMS/yellowhead_m2.mrk.json,1e-06,46,7.678210719699387e-06
yellowhead_m2_fishy_000014,14,0.1634361282111439,0.765332948834871,0.9870362047534708,4,-0.1043951821736848,0.0292224881518576,0.0032087473340438,0.679130996150049,0.9075576337002252,0.0448930974174931,0.3992284301252575,0.9910465245640496,1,0.0090555407004911,0.9482261396997512,-0.0113991127649455,-0.0214593930557877,4,/mnt/data/ml_data/color-modeling-pub/3D_Fish (Copy)/3D_Fish/Downsampled_decimate/Models/yellowhead_m2.obj,/mnt/data/ml_data/color-modeling-pub/3D_Fish (Copy)/3D_Fish/LMS/yellowhead_m2.mrk.json,1e-06,46,7.678210719699387e-06
yellowhead_m2_fishy_000015,15,0.1616371395176213,0.7146841460029345,0.9151929908522828,5,-0.0747557480379183,0.0216773891627666,-0.0067911251092922,0.6841593843442283,0.9634642844444352,-0.0940976804015951,0.3734465828380938,0.8610499186860091,0,0.015156400850753,0.8638651917047395,-0.027839464329356,0.107746533410517,4,/mnt/data/ml_data/color-modeling-pub/3D_Fish (Copy)/3D_Fish/Downsampled_decimate/Models/yellowhead_m2.obj,/mnt/data/ml_data/color-modeling-pub/3D_Fish (Copy)/3D_Fish/LMS/yellowhead_m2.mrk.json,1e-06,46,7.678210719699387e-06
yellowhead_m2_fishy_000024,24,0.1715211829594306,0.7474710729727725,0.988466641876888,4,-0.0914333345321029,0.0275694008172817,0.0191966209473962,0.6800753527803921,1.0,0.0044527059691173,0.3695683404976435,0.9409074254110068,0,0.0366721162830451,0.9382221886932708,-0.01362280454902,-0.0988571209110935,4,/mnt/data/ml_data/color-modeling-pub/3D_Fish (Copy)/3D_Fish/Downsampled_decimate/Models/yellowhead_m2.obj,/mnt/data/ml_data/color-modeling-pub/3D_Fish (Copy)/3D_Fish/LMS/yellowhead_m2.mrk.json,1e-06,46,7.678210719699387e-06
yellowhead_m2_fishy_000025,25,0.175294033738404,0.7403780861837483,1.0,4,-0.0756998166683282,0.027155872561925,-0.0008710150789949,0.5618208590846132,0.905264644789888,-0.0119848734461617,0.3881906200475831,0.928387562453772,0,0.997770553129834,0.9392446484992808,0.0147330351651588,-0.0559534573376382,4,/mnt/data/ml_data/color-modeling-pub/3D_Fish (Copy)/3D_Fish/Downsampled_decimate/Models/yellowhead_m2.obj,/mnt/data/ml_data/color-modeling-pub/3D_Fish (Copy)/3D_Fish/LMS/yellowhead_m2.mrk.json,1e-06,46,7.678210719699387e-06
yellowhead_m2_fishy_000033,33,0.1970988202334097,0.6069209978878091,0.9298286874888028,5,-0.0686060280389669,0.0239715714912299,-0.0133992083588013,0.5811342070731754,0.8341674241751291,-0.0331149256325331,0.4169041390345993,0.9798835716070856,1,0.002301367817507,0.8517591848654339,0.0011032103333366,0.0244177122076846,4,/mnt/data/ml_data/color-modeling-pub/3D_Fish (Copy)/3D_Fish/Downsampled_decimate/Models/yellowhead_m2.obj,/mnt/data/ml_data/color-modeling-pub/3D_Fish (Copy)/3D_Fish/LMS/yellowhead_m2.mrk.json,1e-06,46,7.678210719699387e-06
yellowhead_m2_fishy_000034,34,0.145054080750433,0.7325892409008087,1.0,4,-0.0670933191126215,0.0251525078314775,-0.0001135396266957,0.5862465453813186,0.9996149774319742,4.72274639082752e-05,0.4294172472637171,1.0,0,0.0330496513253211,0.8993726624479701,0.0810555519707815,-0.0212599763580091,4,/mnt/data/ml_data/color-modeling-pub/3D_Fish (Copy)/3D_Fish/Downsampled_decimate/Models/yellowhead_m2.obj,/mnt/data/ml_data/color-modeling-pub/3D_Fish (Copy)/3D_Fish/LMS/yellowhead_m2.mrk.json,1e-06,46,7.678210719699387e-06
yellowhead_m2_fishy_000035,35,0.1738186454219524,0.6795214949470988,1.0,4,-0.0714870020080324,0.0357721622096143,-0.0047983090116784,0.5669807977917899,0.9565877631642564,-0.0059789623301437,0.3502941966110722,0.89313841409445,0,0.0323613107653149,0.8617449022164274,-0.0523631327453444,-0.0776722343120243,4,/mnt/data/ml_data/color-modeling-pub/3D_Fish (Copy)/3D_Fish/Downsampled_decimate/Models/yellowhead_m2.obj,/mnt/data/ml_data/color-modeling-pub/3D_Fish (Copy)/3D_Fish/LMS/yellowhead_m2.mrk.json,1e-06,46,7.678210719699387e-06
yellowhead_m2_fishy_000036,36,0.198008578239745,0.7313592908818336,1.0,4,-0.0696333309891405,0.0141661531936851,0.0009562096548589,0.6985659638539183,0.964960264689298,0.0239551491097262,0.3930923515723879,0.9050849782205914,1,0.9963070174386208,0.9685620866645452,0.030383301067818,0.0824663262297764,4,/mnt/data/ml_data/color-modeling-pub/3D_Fish (Copy)/3D_Fish/Downsampled_decimate/Models/yellowhead_m2.obj,/mnt/data/ml_data/color-modeling-pub/3D_Fish (Copy)/3D_Fish/LMS/yellowhead_m2.mrk.json,1e-06,46,7.678210719699387e-06
yellowhead_m2_fishy_000045,45,0.1845146916056371,0.7470291040220673,0.9818038509174544,4,-0.0657181822018717,0.0200077087470515,-0.003162453156798,0.6840594274878661,0.9920460522345224,0.052320074796773,0.3774890333104354,0.887710550424003,0,0.0036495675302783,0.9345204460477337,0.0171517031908097,-0.0625237232672724,4,/mnt/data/ml_data/color-modeling-pub/3D_Fish (Copy)/3D_Fish/Downsampled_decimate/Models/yellowhead_m2.obj,/mnt/data/ml_data/color-modeling-pub/3D_Fish (Copy)/3D_Fish/LMS/yellowhead_m2.mrk.json,1e-06,46,7.678210719699387e-06
yellowhead_m2_fishy_000048,48,0.204486005876714,0.6452098999954481,0.9974929650132588,4,-0.0805870033072027,0.0318323370679723,0.0082185456391675,0.6881636794290014,0.9182370754873198,-0.0121511035642705,0.3467297303776522,1.0,1,0.00490838118361,0.95159901588131,-0.0658452229789341,0.0345382869476273,4,/mnt/data/ml_data/color-modeling-pub/3D_Fish (Copy)/3D_Fish/Downsampled_decimate/Models/yellowhead_m2.obj,/mnt/data/ml_data/color-modeling-pub/3D_Fish (Copy)/3D_Fish/LMS/yellowhead_m2.mrk.json,1e-06,46,7.678210719699387e-06
yellowhead_m2_fishy_000058,58,0.1757657431606625,0.7043210105351141,1.0,4,-0.10727808285503,0.0265243675134625,0.0007143888525991,0.5697875876219461,0.9987773578380528,-0.0026521417932847,0.3911435986533839,0.9853847338893228,0,0.0090317436622213,0.9727807753690944,0.0103513129351902,0.0715417707454356,4,/mnt/data/ml_data/color-modeling-pub/3D_Fish (Copy)/3D_Fish/Downsampled_decimate/Models/yellowhead_m2.obj,/mnt/data/ml_data/color-modeling-pub/3D_Fish (Copy)/3D_Fish/LMS/yellowhead_m2.mrk.json,1e-06,46,7.678210719699387e-06
yellowhead_m2_fishy_000074,74,0.1556758712137641,0.6665541004988147,0.9494451972628222,4,-0.0778743554813266,0.0298270579546071,-0.0083215293097346,0.6853072868521503,1.0,0.0135450831838309,0.4020067499137429,0.9337652883779056,0,0.9767128898092536,0.9077230962828348,0.0135184506437646,0.0100821688311857,4,/mnt/data/ml_data/color-modeling-pub/3D_Fish (Copy)/3D_Fish/Downsampled_decimate/Models/yellowhead_m2.obj,/mnt/data/ml_data/color-modeling-pub/3D_Fish (Copy)/3D_Fish/LMS/yellowhead_m2.mrk.json,1e-06,46,7.678210719699387e-06
yellowhead_m2_fishy_000082,82,0.1812845874874166,0.7520240785018096,1.0,4,-0.0712972532900504,0.0245000747562884,-0.0037877557122181,0.711565660564977,0.963477159295765,0.012657758534957,0.4034785815883201,1.0,1,0.0171993694795506,0.9392527071814996,-0.1498495264527723,-0.0369991044622084,4,/mnt/data/ml_data/color-modeling-pub/3D_Fish (Copy)/3D_Fish/Downsampled_decimate/Models/yellowhead_m2.obj,/mnt/data/ml_data/color-modeling-pub/3D_Fish (Copy)/3D_Fish/LMS/yellowhead_m2.mrk.json,1e-06,46,7.678210719699387e-06
yellowhead_m2_fishy_000111,111,0.1673226958849326,0.715151705891003,1.0,4,-0.0794074915806348,0.0251358432629711,0.0019801407959178,0.6556595278777932,0.9589452331817048,0.0204707440365616,0.4072065715640267,1.0,0,0.0037848275397269,1.0,0.0736253389388795,-0.0261148109583326,4,/mnt/data/ml_data/color-modeling-pub/3D_Fish (Copy)/3D_Fish/Downsampled_decimate/Models/yellowhead_m2.obj,/mnt/data/ml_data/color-modeling-pub/3D_Fish (Copy)/3D_Fish/LMS/yellowhead_m2.mrk.json,1e-06,46,7.678210719699387e-06
yellowhead_m2_fishy_000119,119,0.1672794798326792,0.7100319510016831,0.9306432099598292,5,-0.0825184579874352,0.0296502451122455,-0.0159663880723781,0.690119830950833,0.9185005171171526,-0.0912064602937133,0.425059774597838,0.8957324482913865,0,0.013276911256745,0.991868466677068,-0.0337069302312503,0.0224960787242291,4,/mnt/data/ml_data/color-modeling-pub/3D_Fish (Copy)/3D_Fish/Downsampled_decimate/Models/yellowhead_m2.obj,/mnt/data/ml_data/color-modeling-pub/3D_Fish (Copy)/3D_Fish/LMS/yellowhead_m2.mrk.json,1e-06,46,7.678210719699387e-06
yellowhead_m2_fishy_000127,127,0.1747840297872711,0.72817440697436,0.910535928042717,5,-0.088948918051406,0.0245022456013414,-0.0081262960622196,0.7060089504121895,0.9325227857387496,-0.0057495968500905,0.3632218992577748,0.964697234226987,0,0.0117770951130107,0.9361941455506292,0.0405550441008065,0.0274735634188745,4,/mnt/data/ml_data/color-modeling-pub/3D_Fish (Copy)/3D_Fish/Downsampled_decimate/Models/yellowhead_m2.obj,/mnt/data/ml_data/color-modeling-pub/3D_Fish (Copy)/3D_Fish/LMS/yellowhead_m2.mrk.json,1e-06,46,7.678210719699387e-06
yellowhead_m2_fishy_000137,137,0.1741012373124421,0.6358577321617137,1.0,4,-0.0866301116472108,0.0292033215815961,0.0026701743698108,0.5591725874115073,0.9803935821341396,0.0182459741842842,0.3963887778648683,1.0,1,0.9881633031302542,0.8568407647057341,0.1089528832787967,-0.020001017394957,4,/mnt/data/ml_data/color-modeling-pub/3D_Fish (Copy)/3D_Fish/Downsampled_decimate/Models/yellowhead_m2.obj,/mnt/data/ml_data/color-modeling-pub/3D_Fish (Copy)/3D_Fish/LMS/yellowhead_m2.mrk.json,1e-06,46,7.678210719699387e-06
yellowhead_m2_fishy_000153,153,0.1849769314493327,0.738036804491368,0.9970827384088204,4,-0.0864236691089793,0.023880451475877,0.0088341332294977,0.5912366810467876,0.992189230636584,-0.032521844306868,0.4057797355436674,1.0,0,0.9836307187541836,0.9450361933633478,0.0088841609382024,0.0573449955983499,4,/mnt/data/ml_data/color-modeling-pub/3D_Fish (Copy)/3D_Fish/Downsampled_decimate/Models/yellowhead_m2.obj,/mnt/data/ml_data/color-modeling-pub/3D_Fish (Copy)/3D_Fish/LMS/yellowhead_m2.mrk.json,1e-06,46,7.678210719699387e-06
yellowhead_m2_fishy_000154,154,0.187686141071369,0.70946155352138,1.0,4,-0.071279162221643,0.0295417492702856,0.0132885799411085,0.7041199018421949,0.9946333994886568,0.0264101266468724,0.4102508746570866,0.997263006128836,0,0.9992243328751174,1.0,0.0178013783405464,-0.0445294321083455,4,/mnt/data/ml_data/color-modeling-pub/3D_Fish (Copy)/3D_Fish/Downsampled_decimate/Models/yellowhead_m2.obj,/mnt/data/ml_data/color-modeling-pub/3D_Fish (Copy)/3D_Fish/LMS/yellowhead_m2.mrk.json,1e-06,46,7.678210719699387e-06
yellowhead_m2_fishy_000161,161,0.1693697754388103,0.7458680310888164,0.9954348890050306,4,-0.0742345783362095,0.0174548074692509,-0.0049455405028382,0.7232617232803129,0.9494316573660958,0.0451763754694301,0.341518919417734,0.9012892696841296,1,0.9975937070216988,1.0,0.1263891919536209,-0.0281984512248128,4,/mnt/data/ml_data/color-modeling-pub/3D_Fish (Copy)/3D_Fish/Downsampled_decimate/Models/yellowhead_m2.obj,/mnt/data/ml_data/color-modeling-pub/3D_Fish (Copy)/3D_Fish/LMS/yellowhead_m2.mrk.json,1e-06,46,7.678210719699387e-06
yellowhead_m2_fishy_000169,169,0.1750327378052734,0.7030425517743689,1.0,4,-0.0867087720976984,0.0257890101147563,-0.0013914120658214,0.6812492759393114,0.8870229369862809,0.0451530042195815,0.4189580016839563,0.9869579515920812,0,0.0090672339283218,0.9732398949896128,-0.0333949007679745,0.0010143030304072,4,/mnt/data/ml_data/color-modeling-pub/3D_Fish (Copy)/3D_Fish/Downsampled_decimate/Models/yellowhead_m2.obj,/mnt/data/ml_data/color-modeling-pub/3D_Fish (Copy)/3D_Fish/LMS/yellowhead_m2.mrk.json,1e-06,46,7.678210719699387e-06
yellowhead_m2_fishy_000187,187,0.22238646542721,0.7412931547356474,0.9319459565925275,4,-0.0910037106033612,0.0327679847100616,0.0186635982134707,0.721769257042669,0.9492771693224727,0.0219879897451056,0.425905726088876,0.9330731102093334,1,0.0219537216519498,0.995759287670376,0.0293394977697791,0.022419831562957,4,/mnt/data/ml_data/color-modeling-pub/3D_Fish (Copy)/3D_Fish/Downsampled_decimate/Models/yellowhead_m2.obj,/mnt/data/ml_data/color-modeling-pub/3D_Fish (Copy)/3D_Fish/LMS/yellowhead_m2.mrk.json,1e-06,46,7.678210719699387e-06
yellowhead_m2_fishy_000192,192,0.2060557093349594,0.6960176984606541,0.9597511472202512,4,-0.0785981779270882,0.0237277670506045,-0.0169229314271017,0.5830860039530675,0.9234380753460372,-0.1058475258192369,0.382111603773056,0.8804545760901612,1,0.9925136691574428,0.9240845242895244,-0.0211847485158567,0.0790912322303064,4,/mnt/data/ml_data/color-modeling-pub/3D_Fish (Copy)/3D_Fish/Downsampled_decimate/Models/yellowhead_m2.obj,/mnt/data/ml_data/color-modeling-pub/3D_Fish (Copy)/3D_Fish/LMS/yellowhead_m2.mrk.json,1e-06,46,7.678210719699387e-06
yellowhead_m2_fishy_000193,193,0.1933118441047508,0.7088065419777757,0.9455833360867836,4,-0.0784618203193321,0.022407109462224,-0.0141503521968413,0.5624246294554864,0.9342782296643076,-0.0645288581986533,0.3966719010324767,0.9233997482699544,1,0.0372609254183751,1.0,0.0406631692072615,-0.0456651039546577,4,/mnt/data/ml_data/color-modeling-pub/3D_Fish (Copy)/3D_Fish/Downsampled_decimate/Models/yellowhead_m2.obj,/mnt/data/ml_data/color-modeling-pub/3D_Fish (Copy)/3D_Fish/LMS/yellowhead_m2.mrk.json,1e-06,46,7.678210719699387e-06
yellowhead_m2_fishy_000194,194,0.1862389289196613,0.7201149252040856,1.0,5,-0.0890835473426495,0.0237798371691643,-0.0013241664946132,0.7055759209336647,0.9423393582478922,-0.0314170546995897,0.367809429405008,0.9391183441249408,0,0.9968460043355134,0.8853250142544407,-0.0608149555163971,-0.044774799072582,4,/mnt/data/ml_data/color-modeling-pub/3D_Fish (Copy)/3D_Fish/Downsampled_decimate/Models/yellowhead_m2.obj,/mnt/data/ml_data/color-modeling-pub/3D_Fish (Copy)/3D_Fish/LMS/yellowhead_m2.mrk.json,1e-06,46,7.678210719699387e-06
yellowhead_m2_fishy_000198,198,0.1785553784944151,0.6637314247451518,1.0,5,-0.0917509275111698,0.0235187462538236,-0.0070634248636699,0.6911290006400077,1.0,0.050060761079314,0.3324636655263924,0.9281514730377564,1,0.9869036504335132,0.9456483245103984,-0.0171828857995336,0.0231814681219764,4,/mnt/data/ml_data/color-modeling-pub/3D_Fish (Copy)/3D_Fish/Downsampled_decimate/Models/yellowhead_m2.obj,/mnt/data/ml_data/color-modeling-pub/3D_Fish (Copy)/3D_Fish/LMS/yellowhead_m2.mrk.json,1e-06,46,7.678210719699387e-06
yellowhead_m2_fishy_000205,205,0.1924687337011265,0.6800972625223238,1.0,4,-0.0690116478034453,0.0233349175065925,-0.0040139096881162,0.5791685496646359,0.993178933364368,-0.037980745313097,0.4075380997613987,0.9308487796644254,1,0.0248713280813169,1.0,-0.1249989874852189,-0.0320417564222674,4,/mnt/data/ml_data/color-modeling-pub/3D_Fish (Copy)/3D_Fish/Downsampled_decimate/Models/yellowhead_m2.obj,/mnt/data/ml_data/color-modeling-pub/3D_Fish (Copy)/3D_Fish/LMS/yellowhead_m2.mrk.json,1e-06,46,7.678210719699387e-06
yellowhead_m2_fishy_000212,212,0.1337147831867085,0.6838040655203325,1.0,4,-0.0833646569789914,0.0296175047791625,0.002005841228699,0.6833754977259624,0.8990876997887707,-0.0456085498720205,0.3648875838050048,0.970782378019074,1,0.9821661288507988,0.9387098414114546,0.0367132765585252,0.0287243526356171,4,/mnt/data/ml_data/color-modeling-pub/3D_Fish (Copy)/3D_Fish/Downsampled_decimate/Models/yellowhead_m2.obj,/mnt/data/ml_data/color-modeling-pub/3D_Fish (Copy)/3D_Fish/LMS/yellowhead_m2.mrk.json,1e-06,46,7.678210719699387e-06
yellowhead_m2_fishy_000216,216,0.191651721316488,0.7747983549065989,0.9745989945105104,5,-0.0961223369092938,0.0265558092964753,-0.003684445588212,0.5377717275578884,0.9609366278554676,0.0054180854912613,0.346070904249839,0.9766052927527288,0,0.0202717922670416,1.0,0.0535470535457225,-0.0857040400252279,4,/mnt/data/ml_data/color-modeling-pub/3D_Fish (Copy)/3D_Fish/Downsampled_decimate/Models/yellowhead_m2.obj,/mnt/data/ml_data/color-modeling-pub/3D_Fish (Copy)/3D_Fish/LMS/yellowhead_m2.mrk.json,1e-06,46,7.678210719699387e-06
yellowhead_m2_fishy_000225,225,0.1861627671710962,0.7135991089300301,1.0,4,-0.0746503884822279,0.0243542251540411,0.0068563344704624,0.5433929656113035,0.934352672552606,0.094233600103975,0.3853918433873994,0.967066669967005,1,0.9676302892823748,0.8964394702941271,-0.0042846777980827,0.0974954879441998,4,/mnt/data/ml_data/color-modeling-pub/3D_Fish (Copy)/3D_Fish/Downsampled_decimate/Models/yellowhead_m2.obj,/mnt/data/ml_data/color-modeling-pub/3D_Fish (Copy)/3D_Fish/LMS/yellowhead_m2.mrk.json,1e-06,46,7.678210719699387e-06
yellowhead_m2_fishy_000229,229,0.1706053856671948,0.6732381740071147,1.0,4,-0.0702613262657397,0.0259032359615046,-0.0072857885482622,0.5742867242524982,0.980778738043801,0.0047652300244852,0.4058737915995765,1.0,0,0.9869736905787682,0.9644438937150224,-0.0056933396825314,0.1138828842522909,4,/mnt/data/ml_data/color-modeling-pub/3D_Fish (Copy)/3D_Fish/Downsampled_decimate/Models/yellowhead_m2.obj,/mnt/data/ml_data/color-modeling-pub/3D_Fish (Copy)/3D_Fish/LMS/yellowhead_m2.mrk.json,1e-06,46,7.678210719699387e-06
yellowhead_m2_fishy_000235,235,0.158695978522769,0.7468672168815959,0.947241262721982,5,-0.0911921418233484,0.0308037424372003,-0.0049310936089673,0.5694793602486626,0.8657333515129594,0.0252418561390269,0.3925073468954053,0.97134370644451,0,0.9905891044568118,1.0,-0.0671838933074382,0.033280827891198,4,/mnt/data/ml_data/color-modeling-pub/3D_Fish (Copy)/3D_Fish/Downsampled_decimate/Models/yellowhead_m2.obj,/mnt/data/ml_data/color-modeling-pub/3D_Fish (Copy)/3D_Fish/LMS/yellowhead_m2.mrk.json,1e-06,46,7.678210719699387e-06
yellowhead_m2_fishy_000242,242,0.1543147316248501,0.7357763192385489,1.0,4,-0.0936950779856987,0.0171935894094582,-0.0128412880673651,0.5905869062405948,0.8551168565834796,-0.0311499419038334,0.3846014101299042,0.9447754327905834,1,0.0157363759698556,1.0,-0.0609605537051448,0.0123760320327966,4,/mnt/data/ml_data/color-modeling-pub/3D_Fish (Copy)/3D_Fish/Downsampled_decimate/Models/yellowhead_m2.obj,/mnt/data/ml_data/color-modeling-pub/3D_Fish (Copy)/3D_Fish/LMS/yellowhead_m2.mrk.json,1e-06,46,7.678210719699387e-06
yellowhead_m4_fishy_000001,1,0.1662585932032005,0.7843643230051065,1.0,4,-0.0845684126395632,0.0272488841651478,0.0015595488084828,0.5805151231600415,0.8740818495738201,-0.0455129310167101,0.3492609137160257,0.908875547478702,1,0.0093661141309552,0.9008600142507924,0.1022839548126748,0.0539389603297871,5,/mnt/data/ml_data/color-modeling-pub/3D_Fish (Copy)/3D_Fish/Downsampled_decimate/Models/yellowhead_m4.obj,/mnt/data/ml_data/color-modeling-pub/3D_Fish (Copy)/3D_Fish/LMS/yellowhead_m4.mrk.json,1e-06,46,7.405394391889737e-06
yellowhead_m4_fishy_000003,3,0.2059108315162687,0.7581678457843345,1.0,4,-0.0649159006975934,0.0196930813575857,0.0062267965412987,0.6700227989359845,0.950129723375526,0.0225108068157416,0.3719114284189973,0.8977139927288231,0,0.0190785638908202,0.913103416295772,-0.0290866545085022,-0.0087786007087943,5,/mnt/data/ml_data/color-modeling-pub/3D_Fish (Copy)/3D_Fish/Downsampled_decimate/Models/yellowhead_m4.obj,/mnt/data/ml_data/color-modeling-pub/3D_Fish (Copy)/3D_Fish/LMS/yellowhead_m4.mrk.json,1e-06,46,7.405394391889737e-06
yellowhead_m4_fishy_000008,8,0.1784225412320609,0.7503213489376808,1.0,4,-0.067719713198877,0.0266012711158001,-0.0058990548744085,0.6872014149077914,0.9753188839534336,0.0517921638698215,0.3686685509538306,0.967242632953012,0,0.9907862948344638,0.967174199584014,0.0485627829474083,0.0550893322620614,5,/mnt/data/ml_data/color-modeling-pub/3D_Fish (Copy)/3D_Fish/Downsampled_decimate/Models/yellowhead_m4.obj,/mnt/data/ml_data/color-modeling-pub/3D_Fish (Copy)/3D_Fish/LMS/yellowhead_m4.mrk.json,1e-06,46,7.405394391889737e-06
yellowhead_m4_fishy_000009,9,0.2056291453472459,0.7943395582910291,1.0,4,-0.075226162197434,0.0258149423836313,-0.0165032181821931,0.5640575135793985,0.9991844882874978,-0.0071294736130098,0.3482657638458458,1.0,0,0.0062181623043888,0.9879650527457132,0.0319219060106971,0.0034712502508014,5,/mnt/data/ml_data/color-modeling-pub/3D_Fish (Copy)/3D_Fish/Downsampled_decimate/Models/yellowhead_m4.obj,/mnt/data/ml_data/color-modeling-pub/3D_Fish (Copy)/3D_Fish/LMS/yellowhead_m4.mrk.json,1e-06,46,7.405394391889737e-06
yellowhead_m4_fishy_000029,29,0.1938587506872449,0.7144321074019615,0.9471984452957006,4,-0.065324791055634,0.0344729950324245,0.0085955937897516,0.5679985065929752,0.9700559958291842,-0.0640531718877017,0.4096862071404587,0.8862938260187493,0,0.0133578797175961,0.990556606426216,0.0288092917032968,-0.0046887765598754,5,/mnt/data/ml_data/color-modeling-pub/3D_Fish (Copy)/3D_Fish/Downsampled_decimate/Models/yellowhead_m4.obj,/mnt/data/ml_data/color-modeling-pub/3D_Fish (Copy)/3D_Fish/LMS/yellowhead_m4.mrk.json,1e-06,46,7.405394391889737e-06
yellowhead_m4_fishy_000038,38,0.1766760662471324,0.7643914334347065,1.0,4,-0.0655051097026841,0.0274338843267122,0.0132935484282304,0.5696778554133792,0.975745212484759,0.0029021543826672,0.3980608052233516,0.9752030280631856,1,0.994986159278542,0.91947540277103,0.0151672768138458,0.0693286237619898,5,/mnt/data/ml_data/color-modeling-pub/3D_Fish (Copy)/3D_Fish/Downsampled_decimate/Models/yellowhead_m4.obj,/mnt/data/ml_data/color-modeling-pub/3D_Fish (Copy)/3D_Fish/LMS/yellowhead_m4.mrk.json,1e-06,46,7.405394391889737e-06
yellowhead_m4_fishy_000040,40,0.1980921772209622,0.7709087557435579,1.0,5,-0.1033651404464364,0.0227464569963236,-0.0057150626318963,0.6659669168003317,0.9954911693272592,0.0414488302643055,0.3620244457369334,0.965368686987904,0,0.990790818010947,0.9222684729353916,0.0299307320299291,0.0365977228873381,5,/mnt/data/ml_data/color-modeling-pub/3D_Fish (Copy)/3D_Fish/Downsampled_decimate/Models/yellowhead_m4.obj,/mnt/data/ml_data/color-modeling-pub/3D_Fish (Copy)/3D_Fish/LMS/yellowhead_m4.mrk.json,1e-06,46,7.405394391889737e-06
yellowhead_m4_fishy_000042,42,0.1752009942060893,0.7005259400124664,1.0,4,-0.07074073188371,0.0247002129965835,-0.0048443980803248,0.5600922721242692,0.9715537134275352,0.0170769657849626,0.3651619059622666,0.9094438478447336,1,0.9912578265933552,0.9803673960662642,-0.1105807956921093,-0.0090483335427338,5,/mnt/data/ml_data/color-modeling-pub/3D_Fish (Copy)/3D_Fish/Downsampled_decimate/Models/yellowhead_m4.obj,/mnt/data/ml_data/color-modeling-pub/3D_Fish (Copy)/3D_Fish/LMS/yellowhead_m4.mrk.json,1e-06,46,7.405394391889737e-06
yellowhead_m4_fishy_000046,46,0.1881673594182685,0.7373546365022631,1.0,4,-0.0748597527654273,0.0260618290083784,0.0045391921699022,0.5618330280261115,0.8791936254757021,0.062698358102323,0.409273202080445,0.972016806826934,1,0.0028173969170791,0.9167932579473196,0.0815792801710651,-0.0249628539761637,5,/mnt/data/ml_data/color-modeling-pub/3D_Fish (Copy)/3D_Fish/Downsampled_decimate/Models/yellowhead_m4.obj,/mnt/data/ml_data/color-modeling-pub/3D_Fish (Copy)/3D_Fish/LMS/yellowhead_m4.mrk.json,1e-06,46,7.405394391889737e-06
yellowhead_m4_fishy_000047,47,0.1553042344740041,0.6831159038184269,1.0,4,-0.0799293273249503,0.0337147716529572,-0.0077316748769968,0.6855422174600959,0.9181386156703368,0.0670803876273003,0.3827033919315158,0.837559968638724,0,0.9912505861871744,0.9046814736323504,-0.00361230243089,-0.0223602484074272,5,/mnt/data/ml_data/color-modeling-pub/3D_Fish (Copy)/3D_Fish/Downsampled_decimate/Models/yellowhead_m4.obj,/mnt/data/ml_data/color-modeling-pub/3D_Fish (Copy)/3D_Fish/LMS/yellowhead_m4.mrk.json,1e-06,46,7.405394391889737e-06
yellowhead_m4_fishy_000062,62,0.1912387659616873,0.7019385113403154,0.9599865880953772,4,-0.0777481584466398,0.0239318351815958,-0.0034851987170385,0.6701229924870333,0.8854793437226948,-0.017338018077701,0.3661264287286474,0.9172039659644868,1,0.9973140451340944,1.0,0.0085527106432409,-0.041364244592672,5,/mnt/data/ml_data/color-modeling-pub/3D_Fish (Copy)/3D_Fish/Downsampled_decimate/Models/yellowhead_m4.obj,/mnt/data/ml_data/color-modeling-pub/3D_Fish (Copy)/3D_Fish/LMS/yellowhead_m4.mrk.json,1e-06,46,7.405394391889737e-06
yellowhead_m4_fishy_000063,63,0.1655620237237008,0.6997512343018741,1.0,4,-0.0676601345647678,0.0261939493785505,-0.0098609796930153,0.5614115191402499,0.9489868623485428,-0.049489180914617,0.3598968737043894,0.8468599466817617,1,0.0195466411097305,0.9095680480541474,-0.0505755297692077,0.00211300815624,5,/mnt/data/ml_data/color-modeling-pub/3D_Fish (Copy)/3D_Fish/Downsampled_decimate/Models/yellowhead_m4.obj,/mnt/data/ml_data/color-modeling-pub/3D_Fish (Copy)/3D_Fish/LMS/yellowhead_m4.mrk.json,1e-06,46,7.405394391889737e-06
yellowhead_m4_fishy_000070,70,0.1925579829580483,0.7453380831394678,1.0,4,-0.0900323981211799,0.0195858074527812,-0.0243933032435495,0.688239326376427,0.955726647419914,-0.0669855341812082,0.3546384256834018,0.8714889735593316,0,0.0132223722203675,0.9599975281398848,0.0244715782366276,0.0487935540175077,5,/mnt/data/ml_data/color-modeling-pub/3D_Fish (Copy)/3D_Fish/Downsampled_decimate/Models/yellowhead_m4.obj,/mnt/data/ml_data/color-modeling-pub/3D_Fish (Copy)/3D_Fish/LMS/yellowhead_m4.mrk.json,1e-06,46,7.405394391889737e-06
yellowhead_m4_fishy_000076,76,0.1926263431514625,0.6869878136475926,0.9833481694585936,4,-0.0834483537505496,0.0295172903528123,-0.0013770696678076,0.5829645598415742,0.9399848932918063,0.008712428316983,0.3644538326972276,0.9174086414619184,0,0.0210221027431991,0.9378772197196236,-0.0265331449907664,0.0793145314296096,5,/mnt/data/ml_data/color-modeling-pub/3D_Fish (Copy)/3D_Fish/Downsampled_decimate/Models/yellowhead_m4.obj,/mnt/data/ml_data/color-modeling-pub/3D_Fish (Copy)/3D_Fish/LMS/yellowhead_m4.mrk.json,1e-06,46,7.405394391889737e-06
yellowhead_m4_fishy_000089,89,0.1902605379332136,0.5688644960639441,1.0,4,-0.0972324290151888,0.0257098234530243,0.0113312709046638,0.5542617255541085,1.0,-0.0770606354511161,0.4185712523365064,1.0,1,0.0037029070355531,0.9980531985473852,0.0443017601305608,0.0375171231139596,5,/mnt/data/ml_data/color-modeling-pub/3D_Fish (Copy)/3D_Fish/Downsampled_decimate/Models/yellowhead_m4.obj,/mnt/data/ml_data/color-modeling-pub/3D_Fish (Copy)/3D_Fish/LMS/yellowhead_m4.mrk.json,1e-06,46,7.405394391889737e-06
yellowhead_m4_fishy_000090,90,0.1820805651717545,0.7448539035702176,1.0,4,-0.0793162065337211,0.0185152158434785,0.0097876934808228,0.5441635495831496,0.926887912446984,-0.0004567153834631,0.3852470117709764,0.8926302007259631,1,0.0054358119850211,1.0,-0.0142269916383087,0.0258716342142718,5,/mnt/data/ml_data/color-modeling-pub/3D_Fish (Copy)/3D_Fish/Downsampled_decimate/Models/yellowhead_m4.obj,/mnt/data/ml_data/color-modeling-pub/3D_Fish (Copy)/3D_Fish/LMS/yellowhead_m4.mrk.json,1e-06,46,7.405394391889737e-06
yellowhead_m4_fishy_000105,105,0.1941220670381078,0.698503152747754,1.0,5,-0.0959186717894054,0.018843199284276,0.013694617513236,0.657720766778911,1.0,-0.0144711585103086,0.4141518329827022,0.971615799158961,1,0.0031733485418859,0.9836062944778026,0.0071425114877827,-0.0121863005266123,5,/mnt/data/ml_data/color-modeling-pub/3D_Fish (Copy)/3D_Fish/Downsampled_decimate/Models/yellowhead_m4.obj,/mnt/data/ml_data/color-modeling-pub/3D_Fish (Copy)/3D_Fish/LMS/yellowhead_m4.mrk.json,1e-06,46,7.405394391889737e-06
yellowhead_m4_fishy_000122,122,0.1760829082466,0.7252213830041981,0.9670733827561332,4,-0.0931039773916183,0.0244342745726275,-0.0032160176605034,0.6910575851674282,1.0,-0.0162033674189786,0.4042579589469629,0.9197337243177016,1,0.9823538333163652,0.8708326117919796,0.0763616170119681,0.0479490853120611,5,/mnt/data/ml_data/color-modeling-pub/3D_Fish (Copy)/3D_Fish/Downsampled_decimate/Models/yellowhead_m4.obj,/mnt/data/ml_data/color-modeling-pub/3D_Fish (Copy)/3D_Fish/LMS/yellowhead_m4.mrk.json,1e-06,46,7.405394391889737e-06
yellowhead_m4_fishy_000124,124,0.1559240873593471,0.7800706261419983,1.0,4,-0.0816780435372571,0.0231567395844604,0.0080526979595972,0.5821730368234309,1.0,0.0416468740206687,0.4002842767908741,0.9539044427872896,1,0.0025236168445627,0.8883340770622832,0.0656750044192404,-0.0376674073979557,5,/mnt/data/ml_data/color-modeling-pub/3D_Fish (Copy)/3D_Fish/Downsampled_decimate/Models/yellowhead_m4.obj,/mnt/data/ml_data/color-modeling-pub/3D_Fish (Copy)/3D_Fish/LMS/yellowhead_m4.mrk.json,1e-06,46,7.405394391889737e-06
yellowhead_m4_fishy_000130,130,0.1619277058067638,0.6865862177204011,1.0,4,-0.0885480529882965,0.0166436354269651,0.005318029787193,0.7189511340572607,0.8946976237331409,-0.0375808475978074,0.3920431608026272,0.95564172862089,0,0.9908806150444542,0.9399084926252664,-0.0150897629486671,0.0801304839743459,5,/mnt/data/ml_data/color-modeling-pub/3D_Fish (Copy)/3D_Fish/Downsampled_decimate/Models/yellowhead_m4.obj,/mnt/data/ml_data/color-modeling-pub/3D_Fish (Copy)/3D_Fish/LMS/yellowhead_m4.mrk.json,1e-06,46,7.405394391889737e-06
yellowhead_m4_fishy_000138,138,0.1820361699523398,0.69758939777697,1.0,4,-0.068592117557321,0.0217971321902433,0.0124392599649916,0.7009488048434414,0.9426253499983296,-0.0396580556526151,0.4023795066518313,0.971463932976424,1,0.9751635707497122,0.9034868345548251,0.0521296866618256,0.0492404266671116,5,/mnt/data/ml_data/color-modeling-pub/3D_Fish (Copy)/3D_Fish/Downsampled_decimate/Models/yellowhead_m4.obj,/mnt/data/ml_data/color-modeling-pub/3D_Fish (Copy)/3D_Fish/LMS/yellowhead_m4.mrk.json,1e-06,46,7.405394391889737e-06
yellowhead_m4_fishy_000206,206,0.1957377925523099,0.7354483604911899,1.0,5,-0.0859480218556649,0.0339660871358903,-0.0108631968676159,0.6966826878937032,1.0,-0.0742442456207439,0.3582338161927154,0.9444057949570682,0,0.9641381308105548,0.9314506968081664,0.0490380783648507,-0.0782752779277069,5,/mnt/data/ml_data/color-modeling-pub/3D_Fish (Copy)/3D_Fish/Downsampled_decimate/Models/yellowhead_m4.obj,/mnt/data/ml_data/color-modeling-pub/3D_Fish (Copy)/3D_Fish/LMS/yellowhead_m4.mrk.json,1e-06,46,7.405394391889737e-06
yellowhead_m4_fishy_000208,208,0.1727868528449511,0.7543706782388447,0.9921949386240954,4,-0.0898206294851987,0.0286132380418231,0.0148990602036854,0.6964592779257573,0.9948235709307068,-0.0638211422657561,0.3924918665276555,0.9188366810432398,0,0.0044521673477984,0.9282274874762938,0.0129982678325287,0.0035463787599256,5,/mnt/data/ml_data/color-modeling-pub/3D_Fish (Copy)/3D_Fish/Downsampled_decimate/Models/yellowhead_m4.obj,/mnt/data/ml_data/color-modeling-pub/3D_Fish (Copy)/3D_Fish/LMS/yellowhead_m4.mrk.json,1e-06,46,7.405394391889737e-06
yellowhead_m4_fishy_000218,218,0.1773873022485502,0.6431486329299237,1.0,5,-0.079211539784983,0.0314053080847528,-0.0010284757229767,0.6724143565150208,1.0,-0.0589267250986873,0.3343826944969517,1.0,1,0.0088438165575397,0.9766529115320892,0.0468790274683311,-0.0143558798841894,5,/mnt/data/ml_data/color-modeling-pub/3D_Fish (Copy)/3D_Fish/Downsampled_decimate/Models/yellowhead_m4.obj,/mnt/data/ml_data/color-modeling-pub/3D_Fish (Copy)/3D_Fish/LMS/yellowhead_m4.mrk.json,1e-06,46,7.405394391889737e-06
yellowhead_m4_fishy_000222,222,0.1767366532267344,0.6492119881994435,1.0,4,-0.0834003165225336,0.0198520773392968,-0.0073330005640347,0.69066449934073,0.916591465457209,0.0121969032992798,0.3352400050773814,0.9948123171136304,1,0.0001505803725431,0.9636006854501844,-0.0346892058996899,-0.036807937723028,5,/mnt/data/ml_data/color-modeling-pub/3D_Fish (Copy)/3D_Fish/Downsampled_decimate/Models/yellowhead_m4.obj,/mnt/data/ml_data/color-modeling-pub/3D_Fish (Copy)/3D_Fish/LMS/yellowhead_m4.mrk.json,1e-06,46,7.405394391889737e-06
yellowhead_m4_fishy_000233,233,0.1528078070833638,0.748495294984542,1.0,4,-0.0852575776986981,0.0207220065862617,-0.0058683487788361,0.7085729479035358,0.8489745134689627,0.0568140733893149,0.4020141878398324,0.9187082270560676,0,0.0123492131756112,0.98435559332125,-0.0120228005952878,0.0401558159293671,5,/mnt/data/ml_data/color-modeling-pub/3D_Fish (Copy)/3D_Fish/Downsampled_decimate/Models/yellowhead_m4.obj,/mnt/data/ml_data/color-modeling-pub/3D_Fish (Copy)/3D_Fish/LMS/yellowhead_m4.mrk.json,1e-06,46,7.405394391889737e-06
yellowhead_m4_fishy_000241,241,0.1928286355614844,0.6914238403625578,1.0,4,-0.0867397706589374,0.0183268251999897,0.0180188301512742,0.5430156397690655,0.9932564934439858,0.0761830645784642,0.370010327582428,0.90140153411236,0,0.003213114238001,0.9825205114587282,0.0026552115595716,0.0379156309683232,5,/mnt/data/ml_data/color-modeling-pub/3D_Fish (Copy)/3D_Fish/Downsampled_decimate/Models/yellowhead_m4.obj,/mnt/data/ml_data/color-modeling-pub/3D_Fish (Copy)/3D_Fish/LMS/yellowhead_m4.mrk.json,1e-06,46,7.405394391889737e-06
yellowhead_m4_fishy_000249,249,0.1600999207849955,0.6875351938315243,0.9529664832753244,5,-0.090705516298238,0.0257809936575989,-0.008044097321962,0.7198942915655466,1.0,-0.0522962502895681,0.384577649573486,0.9814133351943276,0,0.0092933283024726,0.9512408231683708,-0.029609167497435,-0.0198563840809594,5,/mnt/data/ml_data/color-modeling-pub/3D_Fish (Copy)/3D_Fish/Downsampled_decimate/Models/yellowhead_m4.obj,/mnt/data/ml_data/color-modeling-pub/3D_Fish (Copy)/3D_Fish/LMS/yellowhead_m4.mrk.json,1e-06,46,7.405394391889737e-06
yellowhead_m5_fishy_000004,4,0.1569476774174982,0.7619189515845443,0.9964261628340124,4,-0.1006788133083578,0.0350407569940918,0.0020773371710492,0.5699583730314673,0.9047474745165937,-0.0449512216514912,0.3853442226572962,0.9469249427800454,1,0.0128341276406778,0.8559443111645854,-0.0321288261553645,0.0370895533828232,6,/mnt/data/ml_data/color-modeling-pub/3D_Fish (Copy)/3D_Fish/Downsampled_decimate/Models/yellowhead_m5.obj,/mnt/data/ml_data/color-modeling-pub/3D_Fish (Copy)/3D_Fish/LMS/yellowhead_m5.mrk.json,1e-06,47,6.847237323828328e-06
yellowhead_m5_fishy_000010,10,0.1990890883649337,0.699736072651835,0.9414106449213252,4,-0.0927067730030232,0.0250943318748745,0.0069759734660664,0.5858687564962686,0.9452096771145458,0.0142747768602652,0.4047884094593008,0.9152708569150484,1,0.0168536182487659,0.900800241465854,0.1140285202583915,0.0449537314312027,6,/mnt/data/ml_data/color-modeling-pub/3D_Fish (Copy)/3D_Fish/Downsampled_decimate/Models/yellowhead_m5.obj,/mnt/data/ml_data/color-modeling-pub/3D_Fish (Copy)/3D_Fish/LMS/yellowhead_m5.mrk.json,1e-06,47,6.847237323828328e-06
yellowhead_m5_fishy_000020,20,0.1634118698807368,0.7352690159684981,1.0,4,-0.0548602117200315,0.0228218464893393,-0.0020519766392575,0.6773631712449327,0.9894128118803291,-0.1079689023017163,0.3483952065345945,0.9289888839577768,1,0.9919523194031412,0.9698553697703408,-0.0569788551703373,-0.0390613728225531,6,/mnt/data/ml_data/color-modeling-pub/3D_Fish (Copy)/3D_Fish/Downsampled_decimate/Models/yellowhead_m5.obj,/mnt/data/ml_data/color-modeling-pub/3D_Fish (Copy)/3D_Fish/LMS/yellowhead_m5.mrk.json,1e-06,47,6.847237323828328e-06
yellowhead_m5_fishy_000023,23,0.1842248429560794,0.7448166306000056,0.9788256389980904,5,-0.0841240351923562,0.0287881057936734,-0.0026172504318982,0.7038500261690115,1.0,-0.0316462620282394,0.400467663657868,0.9770046408517604,0,0.9934096073613444,0.8771192679287765,-0.0118397556573043,-0.0199100634190093,6,/mnt/data/ml_data/color-modeling-pub/3D_Fish (Copy)/3D_Fish/Downsampled_decimate/Models/yellowhead_m5.obj,/mnt/data/ml_data/color-modeling-pub/3D_Fish (Copy)/3D_Fish/LMS/yellowhead_m5.mrk.json,1e-06,47,6.847237323828328e-06
yellowhead_m5_fishy_000030,30,0.162886065670775,0.7430677960389835,0.9952217286032108,4,-0.0818390973162969,0.0207839015217832,0.0113546089268,0.6855200992955626,0.9919516414922424,0.0055134502719356,0.3594047117910973,1.0,0,0.0107612983035683,0.8931522813347762,-0.0421636309040319,0.0698655439928076,6,/mnt/data/ml_data/color-modeling-pub/3D_Fish (Copy)/3D_Fish/Downsampled_decimate/Models/yellowhead_m5.obj,/mnt/data/ml_data/color-modeling-pub/3D_Fish (Copy)/3D_Fish/LMS/yellowhead_m5.mrk.json,1e-06,47,6.847237323828328e-06
yellowhead_m5_fishy_000043,43,0.1729231548320329,0.7573512388956906,1.0,4,-0.0791113424806509,0.0215629949348111,0.0067431349114459,0.7005212819029357,0.9927168003963692,0.05672867003426,0.3601709365177879,0.8258616425549044,1,0.0196604272858004,0.9540603500640864,0.0629443328668646,0.0267783822885696,6,/mnt/data/ml_data/color-modeling-pub/3D_Fish (Copy)/3D_Fish/Downsampled_decimate/Models/yellowhead_m5.obj,/mnt/data/ml_data/color-modeling-pub/3D_Fish (Copy)/3D_Fish/LMS/yellowhead_m5.mrk.json,1e-06,47,6.847237323828328e-06
yellowhead_m5_fishy_000049,49,0.1810882181251923,0.6972745075725572,0.996126257092208,4,-0.0690312002747633,0.0182393939105023,-0.0113936058798448,0.7040135497217817,0.8642905163990829,0.0319509557405941,0.3404811512087246,0.96545262612668,1,0.9739460702240196,0.9650983419047428,0.0255403322937218,-0.0013530296456854,6,/mnt/data/ml_data/color-modeling-pub/3D_Fish (Copy)/3D_Fish/Downsampled_decimate/Models/yellowhead_m5.obj,/mnt/data/ml_data/color-modeling-pub/3D_Fish (Copy)/3D_Fish/LMS/yellowhead_m5.mrk.json,1e-06,47,6.847237323828328e-06
yellowhead_m5_fishy_000071,71,0.1805159119347368,0.7612503531294916,1.0,4,-0.0746941692301839,0.0228008867373628,-0.0135152603217648,0.6891319097834963,0.9927533476940296,-0.0115432242618078,0.3894258159630386,1.0,1,0.0021224827771537,0.9897742778782372,0.0273563808128842,0.0885543286607386,6,/mnt/data/ml_data/color-modeling-pub/3D_Fish (Copy)/3D_Fish/Downsampled_decimate/Models/yellowhead_m5.obj,/mnt/data/ml_data/color-modeling-pub/3D_Fish (Copy)/3D_Fish/LMS/yellowhead_m5.mrk.json,1e-06,47,6.847237323828328e-06
yellowhead_m5_fishy_000073,73,0.2101514499814433,0.765580178623318,0.9292002256691104,4,-0.0570728631160807,0.0239430660909292,-0.0054502146539275,0.6807300900587572,0.8579610552077089,-0.0109495676751195,0.3872280701404784,0.913114364625627,0,0.9948792391972804,1.0,0.0395443656584207,0.0598832541162343,6,/mnt/data/ml_data/color-modeling-pub/3D_Fish (Copy)/3D_Fish/Downsampled_decimate/Models/yellowhead_m5.obj,/mnt/data/ml_data/color-modeling-pub/3D_Fish (Copy)/3D_Fish/LMS/yellowhead_m5.mrk.json,1e-06,47,6.847237323828328e-06
yellowhead_m5_fishy_000075,75,0.159208092477448,0.7377967345185287,0.9914304003037752,4,-0.0872151427702585,0.0236318631187617,0.0054294385305231,0.5782201219010816,0.9607046249106496,0.021025423331449,0.402416640903644,0.965337687612208,0,0.0260758583146214,0.9507443468675518,0.0637680965759899,0.0113683423072998,6,/mnt/data/ml_data/color-modeling-pub/3D_Fish (Copy)/3D_Fish/Downsampled_decimate/Models/yellowhead_m5.obj,/mnt/data/ml_data/color-modeling-pub/3D_Fish (Copy)/3D_Fish/LMS/yellowhead_m5.mrk.json,1e-06,47,6.847237323828328e-06
yellowhead_m5_fishy_000079,79,0.156237275039678,0.6794962438730416,0.9100364671582526,5,-0.0761192272430368,0.0320628972026541,-0.0035225160576996,0.588516418958616,1.0,0.0531909265853065,0.4174075616571386,0.916892112935726,0,0.9984628853825712,0.984373510301416,0.1411853507785168,-0.0090780290244355,6,/mnt/data/ml_data/color-modeling-pub/3D_Fish (Copy)/3D_Fish/Downsampled_decimate/Models/yellowhead_m5.obj,/mnt/data/ml_data/color-modeling-pub/3D_Fish (Copy)/3D_Fish/LMS/yellowhead_m5.mrk.json,1e-06,47,6.847237323828328e-06
yellowhead_m5_fishy_000092,92,0.160018731619178,0.7064027392879088,1.0,4,-0.0863498985326286,0.0233958438249477,0.0047804089998179,0.5479394676548462,1.0,0.0190315231111463,0.3482457691933761,0.8981930379588291,1,0.9897258787272272,0.9842705376887836,0.0120810313149058,0.0042673134194794,6,/mnt/data/ml_data/color-modeling-pub/3D_Fish (Copy)/3D_Fish/Downsampled_decimate/Models/yellowhead_m5.obj,/mnt/data/ml_data/color-modeling-pub/3D_Fish (Copy)/3D_Fish/LMS/yellowhead_m5.mrk.json,1e-06,47,6.847237323828328e-06
yellowhead_m5_fishy_000102,102,0.1637007089766345,0.6145124961238482,0.955585274818512,4,-0.0852801011738097,0.0269252803682038,-0.0186416185554524,0.7086897475743168,0.994553373257996,0.0400506014881339,0.3438886791599524,0.971261691032776,0,0.9983674337866888,0.9604662544887036,-0.003042841349329,0.0314075830765671,6,/mnt/data/ml_data/color-modeling-pub/3D_Fish (Copy)/3D_Fish/Downsampled_decimate/Models/yellowhead_m5.obj,/mnt/data/ml_data/color-modeling-pub/3D_Fish (Copy)/3D_Fish/LMS/yellowhead_m5.mrk.json,1e-06,47,6.847237323828328e-06
yellowhead_m5_fishy_000114,114,0.1819297508121729,0.7075989393735651,0.991366764100734,4,-0.0835357019902195,0.0192667037805966,-0.0015741858592839,0.7015851642807894,0.9826315966367668,0.1141098139987291,0.3582528332135731,1.0,0,0.0237893155854335,0.9149215939027784,-0.0283041220748821,0.0619801946562142,6,/mnt/data/ml_data/color-modeling-pub/3D_Fish (Copy)/3D_Fish/Downsampled_decimate/Models/yellowhead_m5.obj,/mnt/data/ml_data/color-modeling-pub/3D_Fish (Copy)/3D_Fish/LMS/yellowhead_m5.mrk.json,1e-06,47,6.847237323828328e-06
yellowhead_m5_fishy_000117,117,0.1871795215291638,0.6933367454332577,0.922267749918154,4,-0.0831202086138017,0.026603940759635,-0.0047347072268988,0.7002846449655433,0.9938457637758598,0.0039317940333321,0.3768829617224166,0.9422758412912272,1,0.0133870452762265,0.9270986212510977,-0.0042976193891383,0.0606158199122685,6,/mnt/data/ml_data/color-modeling-pub/3D_Fish (Copy)/3D_Fish/Downsampled_decimate/Models/yellowhead_m5.obj,/mnt/data/ml_data/color-modeling-pub/3D_Fish (Copy)/3D_Fish/LMS/yellowhead_m5.mrk.json,1e-06,47,6.847237323828328e-06
yellowhead_m5_fishy_000120,120,0.1810644960277952,0.6800499536441279,0.9839460211899153,4,-0.0764120489571277,0.0255244075001446,-0.0081775043137652,0.6775137392575933,0.9271298350872724,0.1756036033059012,0.3531945116917366,0.9290617654926752,1,0.0199084677083745,0.967307345209904,-0.0655546186144923,-0.030455683498055,6,/mnt/data/ml_data/color-modeling-pub/3D_Fish (Copy)/3D_Fish/Downsampled_decimate/Models/yellowhead_m5.obj,/mnt/data/ml_data/color-modeling-pub/3D_Fish (Copy)/3D_Fish/LMS/yellowhead_m5.mrk.json,1e-06,47,6.847237323828328e-06
yellowhead_m5_fishy_000129,129,0.1831387874737791,0.7468999152170396,1.0,4,-0.06429153267084,0.017916248849392,-0.0054764618458382,0.5505627493309014,0.990524499330632,0.0666427249361279,0.3928972766206733,0.8507378815325046,0,0.9981350089278864,0.9895034119048134,0.0485215484462335,0.0375742980239349,6,/mnt/data/ml_data/color-modeling-pub/3D_Fish (Copy)/3D_Fish/Downsampled_decimate/Models/yellowhead_m5.obj,/mnt/data/ml_data/color-modeling-pub/3D_Fish (Copy)/3D_Fish/LMS/yellowhead_m5.mrk.json,1e-06,47,6.847237323828328e-06
yellowhead_m5_fishy_000140,140,0.1865381421272168,0.8100457227967586,0.9721689010272412,4,-0.0918001354765217,0.0238742344609345,-0.0204290212811701,0.5735205874335736,0.9423089881123724,-0.0161096327596589,0.4167833844242788,1.0,1,0.0033959488173811,0.986413336494527,-0.0969110223215738,-0.0201798756655129,6,/mnt/data/ml_data/color-modeling-pub/3D_Fish (Copy)/3D_Fish/Downsampled_decimate/Models/yellowhead_m5.obj,/mnt/data/ml_data/color-modeling-pub/3D_Fish (Copy)/3D_Fish/LMS/yellowhead_m5.mrk.json,1e-06,47,6.847237323828328e-06
yellowhead_m5_fishy_000144,144,0.1694761003385169,0.7194553731759404,1.0,5,-0.0831594998565972,0.0235609091146236,-0.0071335752698039,0.6995002743533221,0.9502522196039804,-0.0188656251595734,0.3540624099682937,0.8935465342169797,1,0.0257917329203569,0.9449384385481572,-0.0616381398802753,0.0254325488435259,6,/mnt/data/ml_data/color-modeling-pub/3D_Fish (Copy)/3D_Fish/Downsampled_decimate/Models/yellowhead_m5.obj,/mnt/data/ml_data/color-modeling-pub/3D_Fish (Copy)/3D_Fish/LMS/yellowhead_m5.mrk.json,1e-06,47,6.847237323828328e-06
yellowhead_m5_fishy_000146,146,0.1838406456439406,0.7483667216911138,0.9630750281652124,4,-0.0980628627532369,0.0231063335171482,-0.0168791292661617,0.6793012925023676,1.0,0.0337682401136017,0.3991717502018729,1.0,1,0.0118364792761216,0.9543822686375758,0.026328606956666,0.0028786581751585,6,/mnt/data/ml_data/color-modeling-pub/3D_Fish (Copy)/3D_Fish/Downsampled_decimate/Models/yellowhead_m5.obj,/mnt/data/ml_data/color-modeling-pub/3D_Fish (Copy)/3D_Fish/LMS/yellowhead_m5.mrk.json,1e-06,47,6.847237323828328e-06
yellowhead_m5_fishy_000159,159,0.1971820317198789,0.7173053691925382,1.0,4,-0.0867557555740965,0.0263639272403185,-0.0043404780616302,0.5747543159667357,1.0,0.1072818662309207,0.3711302178923432,0.9575668086503432,0,0.0036140800251256,1.0,-0.0313670526675114,-0.0113976636555476,6,/mnt/data/ml_data/color-modeling-pub/3D_Fish (Copy)/3D_Fish/Downsampled_decimate/Models/yellowhead_m5.obj,/mnt/data/ml_data/color-modeling-pub/3D_Fish (Copy)/3D_Fish/LMS/yellowhead_m5.mrk.json,1e-06,47,6.847237323828328e-06
yellowhead_m5_fishy_000173,173,0.2008408006433242,0.6971526434124922,0.9533983841788184,4,-0.0805813184539415,0.0276878260885012,0.0077793783740158,0.5727886054091553,0.9866321410818758,0.1123231028665789,0.3349935623946525,0.9079533199322652,0,0.0242891830728653,0.973502304264552,-0.0073009524368272,-0.054847879371904,6,/mnt/data/ml_data/color-modeling-pub/3D_Fish (Copy)/3D_Fish/Downsampled_decimate/Models/yellowhead_m5.obj,/mnt/data/ml_data/color-modeling-pub/3D_Fish (Copy)/3D_Fish/LMS/yellowhead_m5.mrk.json,1e-06,47,6.847237323828328e-06
yellowhead_m5_fishy_000180,180,0.1672010509361763,0.6620930690723912,0.9938480840874104,4,-0.0748830807352092,0.0263343534236581,-0.0126518302594267,0.6832486719227419,0.9017529225599278,-0.0930846481529872,0.3957856692456458,0.9475071070566052,1,0.9939071285637092,0.9732397739826584,-0.009147011204297,0.0094166063527799,6,/mnt/data/ml_data/color-modeling-pub/3D_Fish (Copy)/3D_Fish/Downsampled_decimate/Models/yellowhead_m5.obj,/mnt/data/ml_data/color-modeling-pub/3D_Fish (Copy)/3D_Fish/LMS/yellowhead_m5.mrk.json,1e-06,47,6.847237323828328e-06
yellowhead_m5_fishy_000181,181,0.1851359751858846,0.7488490090745522,0.9859836335121334,4,-0.0738778086354476,0.0191595688907587,0.0027363785133266,0.5498919058723981,0.9733693857108237,0.0077480733989754,0.3553376858961008,0.928898822080652,0,0.0148977447309454,0.9373950597669422,0.0018002946125909,0.0228851633074791,6,/mnt/data/ml_data/color-modeling-pub/3D_Fish (Copy)/3D_Fish/Downsampled_decimate/Models/yellowhead_m5.obj,/mnt/data/ml_data/color-modeling-pub/3D_Fish (Copy)/3D_Fish/LMS/yellowhead_m5.mrk.json,1e-06,47,6.847237323828328e-06
yellowhead_m5_fishy_000185,185,0.1700218378808004,0.7000085952128297,0.970382632862234,4,-0.0693426844681161,0.0255546942291504,0.0078252609145942,0.6647463058166786,0.982442105496765,0.0202615788100001,0.3492745181742593,0.9314459754093326,0,0.0171904857868333,0.9295789923293506,-0.0646218478059394,0.025902717198185,6,/mnt/data/ml_data/color-modeling-pub/3D_Fish (Copy)/3D_Fish/Downsampled_decimate/Models/yellowhead_m5.obj,/mnt/data/ml_data/color-modeling-pub/3D_Fish (Copy)/3D_Fish/LMS/yellowhead_m5.mrk.json,1e-06,47,6.847237323828328e-06
yellowhead_m5_fishy_000195,195,0.1711152813251422,0.702301679784771,1.0,4,-0.1008812860125776,0.022376625267544,-0.0115477332625089,0.7178812065512608,0.9813320031268156,0.0091501883224928,0.4026908496843169,0.9894608389733472,1,0.0043530528246415,0.9487842944038092,-0.0503768045231933,0.0462750359613857,6,/mnt/data/ml_data/color-modeling-pub/3D_Fish (Copy)/3D_Fish/Downsampled_decimate/Models/yellowhead_m5.obj,/mnt/data/ml_data/color-modeling-pub/3D_Fish (Copy)/3D_Fish/LMS/yellowhead_m5.mrk.json,1e-06,47,6.847237323828328e-06
yellowhead_m5_fishy_000196,196,0.1918091471227058,0.7568597199427974,0.9635899246583584,4,-0.0796926475047775,0.0316037303033286,-0.0028498922346127,0.554366222983522,0.991093535336247,0.0144579467300672,0.346064883302772,0.9621695410882196,0,0.0176457312470321,0.9449318327162932,-0.0063836285742596,0.0035963754549162,6,/mnt/data/ml_data/color-modeling-pub/3D_Fish (Copy)/3D_Fish/Downsampled_decimate/Models/yellowhead_m5.obj,/mnt/data/ml_data/color-modeling-pub/3D_Fish (Copy)/3D_Fish/LMS/yellowhead_m5.mrk.json,1e-06,47,6.847237323828328e-06
yellowhead_m5_fishy_000201,201,0.1794881033608003,0.7445771714079628,0.9317728474437976,4,-0.091939710587716,0.0229395491742666,-0.0291869458184679,0.5501711220130687,0.9538638100882534,0.0658884836215989,0.4341267313034013,0.9714271763207624,0,0.0002981407727748,0.9146807901730692,0.080482366453969,-0.0165125990848149,6,/mnt/data/ml_data/color-modeling-pub/3D_Fish (Copy)/3D_Fish/Downsampled_decimate/Models/yellowhead_m5.obj,/mnt/data/ml_data/color-modeling-pub/3D_Fish (Copy)/3D_Fish/LMS/yellowhead_m5.mrk.json,1e-06,47,6.847237323828328e-06
yellowhead_m5_fishy_000202,202,0.1880993726636792,0.7002728565110825,1.0,4,-0.0689297829953751,0.0129276549859268,0.0026482980517626,0.7123114305439202,0.8466314392789789,-0.0109235922080221,0.3938793256727596,0.912623726882726,0,0.0021799731709904,0.9060275585787204,0.0583721693085423,0.0079285976307548,6,/mnt/data/ml_data/color-modeling-pub/3D_Fish (Copy)/3D_Fish/Downsampled_decimate/Models/yellowhead_m5.obj,/mnt/data/ml_data/color-modeling-pub/3D_Fish (Copy)/3D_Fish/LMS/yellowhead_m5.mrk.json,1e-06,47,6.847237323828328e-06
yellowhead_m5_fishy_000237,237,0.1446527550147255,0.7879194312896444,1.0,4,-0.0775677296049165,0.0187437607116454,0.0040316532603999,0.7022519228481404,0.9109419119003768,0.0823785913977908,0.3735101879589378,0.9923555098375696,1,0.9920215130105716,1.0,0.0526805271790958,-0.00948703430685,6,/mnt/data/ml_data/color-modeling-pub/3D_Fish (Copy)/3D_Fish/Downsampled_decimate/Models/yellowhead_m5.obj,/mnt/data/ml_data/color-modeling-pub/3D_Fish (Copy)/3D_Fish/LMS/yellowhead_m5.mrk.json,1e-06,47,6.847237323828328e-06
